year,region,province,population,acc with victims,total injuried,mortals,hosp injuries,minor injuries,gas_stations,free_motorways_CCAA,free_motorways_State,free_motorways_provincial,multiple_road_CCAA,multiple_road_State,multiple_road_provincial,single_road_CCAA,single_road_State,single_road_provincial,toll_motorways_CCAA,toll_motorways_State,toll_motorways_provincial,acc_victims_rate_per_100k
2013,País Vasco,Álava,202969,906,1216,17,86,1113,56,,0,9227.0,,0,1196.0,,0,128398.0,,6089,1423.0,446.3735841433914
2013,Castilla-La Mancha,Albacete,246555,481,680,19,87,574,144,0.0,2809,0.0,0.0,0,0.0,159685.0,4204,140879.0,0.0,0,0.0,195.0883170083754
2013,C. Valenciana,Alicante,1194721,2465,3530,42,341,3147,344,1549.0,2359,0.0,584.0,6529,1608.0,9069.0,20849,99638.0,0.0,15946,0.0,206.3243217454117
2013,Andalucía,Almería,448850,788,1321,30,121,1170,162,10157.0,2035,0.0,232.0,112,0.0,71376.0,14006,117288.0,0.0,2819,0.0,175.55976384092682
2013,Castilla y León,Ávila,99333,378,558,19,71,468,55,0.0,8697,0.0,201.0,324,0.0,98673.0,34639,10650.0,0.0,374,0.0,380.53818972546884
2013,Extremadura,Badajoz,426061,755,1134,25,144,965,220,1688.0,23874,0.0,2426.0,1576,0.0,209087.0,5724,191729.0,0.0,0,0.0,177.20467257035963
2013,Islas Baleares,Baleares,725342,3431,4767,45,374,4348,170,,0,9314.0,,0,9362.0,,0,197358.0,,0,0.0,473.01824518640865
2013,Cataluña,Barcelona,3463167,18402,24777,141,1158,23478,674,29405.0,13919,0.0,494.0,105,0.0,148016.0,4922,158521.0,15767.0,11893,0.0,531.3633445918143
2013,Castilla y León,Burgos,227824,836,1167,36,150,981,120,4675.0,17952,0.0,59.0,1531,0.0,177553.0,66366,228944.0,0.0,7629,0.0,366.94992625886647
2013,Extremadura,Cáceres,248617,506,724,22,65,637,108,10098.0,3370,0.0,123.0,2018,0.0,159085.0,40845,18198.0,0.0,0,0.0,203.52590530816477
2013,Andalucía,Cádiz,786918,2318,3576,37,217,3322,190,13809.0,11688,0.0,1529.0,3598,0.0,85822.0,11345,80668.0,0.0,478,0.0,294.5669053192327
2013,C. Valenciana,Castellón,379331,689,998,22,116,860,157,4622.0,7463,0.0,4445.0,366,0.0,87378.0,26293,75037.0,0.0,11988,0.0,181.63556366339688
2013,Castilla-La Mancha,Ciudad Real,321789,586,937,38,93,806,180,8158.0,25682,0.0,407.0,763,0.0,175826.0,46635,17240.0,0.0,0,0.0,182.10690856430767
2013,Andalucía,Córdoba,491768,1323,1915,36,199,1680,207,997.0,17362,0.0,1742.0,456,0.0,159696.0,41753,178694.0,0.0,0,0.0,269.0292983683363
2013,Galicia,"Coruña, A",703068,1256,1831,73,238,1520,225,10204.0,6774,0.0,255.0,5255,0.0,158053.0,27988,21190.0,333.0,14632,0.0,178.64559331387576
2013,Castilla-La Mancha,Cuenca,126794,374,599,30,69,500,139,0.0,34621,0.0,0.0,0,0.0,171269.0,58434,15572.0,0.0,4983,0.0,294.9666387999432
2013,Cataluña,Gerona,475742,2265,3141,47,258,2836,217,9989.0,2695,0.0,1197.0,634,259.0,115987.0,28677,68043.0,0.0,9262,0.0,476.0983894631965
2013,Andalucía,Granada,572911,1820,2697,33,219,2445,226,23559.0,13208,0.0,1172.0,62,0.0,135536.0,18209,12170.0,0.0,0,0.0,317.6758693758716
2013,Castilla-La Mancha,Guadalajara,163758,281,418,8,52,358,71,926.0,9967,0.0,0.0,69,0.0,145459.0,29178,15680.0,0.0,2402,0.0,171.59467018405206
2013,País Vasco,Guipúzcoa,435982,1765,2267,24,174,2069,120,,0,1001.0,,0,2092.0,,0,118402.0,,0,9564.0,404.8332270598328
2013,Andalucía,Huelva,331489,551,898,26,70,802,120,3296.0,12565,0.0,642.0,2221,0.0,74897.0,30481,85837.0,0.0,0,0.0,166.21969356449233
2013,Aragón,Huesca,137203,422,584,22,111,451,111,0.0,14655,0.0,0.0,57,0.0,204506.0,6852,13860.0,0.0,4971,0.0,307.57344956014083
2013,Andalucía,Jaén,405207,816,1217,24,114,1079,192,4504.0,19184,0.0,0.0,187,0.0,138496.0,25823,155764.0,0.0,0,0.0,201.3785546646529
2013,Castilla y León,León,295321,827,1238,26,132,1080,150,684.0,23166,0.0,53.0,216,0.0,170647.0,58861,331032.0,0.0,9368,0.0,280.03426779673646
2013,Cataluña,Lérida,273926,1195,1759,42,218,1499,183,1926.0,12786,0.0,0.0,1065,0.0,154358.0,31477,82475.0,0.0,6047,0.0,436.2492059899389
2013,La Rioja,"Rioja, La",198717,655,931,16,69,846,74,0.0,4572,,30.0,138,,14330.0,25463,,0.0,1191,,329.6144768691154
2013,Galicia,Lugo,202791,522,741,14,129,598,111,1616.0,18026,0.0,241.0,111,0.0,143893.0,50628,42080.0,0.0,0,0.0,257.40787313046434
2013,Madrid,Madrid,4169259,14114,18730,130,1386,17214,585,12256.0,49361,,20461.0,705,,224578.0,10605,,0.0,16082,,338.525383047683
2013,Andalucía,Málaga,1038287,2711,3824,49,356,3419,261,9724.0,21679,0.0,1114.0,2968,0.0,114926.0,3332,8600.0,0.0,12209,0.0,261.10314392841286
2013,Murcia,Murcia,919532,863,1365,57,162,1146,359,1674.0,28673,,801.0,1248,,271941.0,14284,,0.0,11464,,93.85208997620528
2013,Navarra,Navarra,396781,396,601,31,102,468,220,23378.0,0,,2399.0,0,,347219.0,0,,9957.0,3903,,99.80316597820965
2013,Galicia,Orense,186540,313,454,14,85,355,95,4797.0,16836,0.0,20.0,82,0.0,98397.0,34503,184007.0,0.0,0,0.0,167.79243057789213
2013,Asturias,Asturias,668373,2298,3512,46,237,3229,210,657.0,3459,,702.0,585,,412614.0,46879,,0.0,2186,,343.8199927286111
2013,Castilla y León,Palencia,103626,270,417,15,60,342,57,609.0,19333,0.0,0.0,0,0.0,147281.0,24701,103459.0,0.0,0,0.0,260.55237102657634
2013,Canarias,"Palmas, Las",737713,698,1095,25,79,991,204,,0,9847.0,,0,7616.0,,0,177576.0,,0,0.0,94.61674119881309
2013,Galicia,Pontevedra,598275,1694,2711,31,227,2453,168,2498.0,8031,0.0,644.0,632,0.0,122935.0,3173,16860.0,2098.0,12671,0.0,283.1473820567465
2013,Castilla y León,Salamanca,204996,811,1150,12,87,1051,95,0.0,30043,0.0,0.0,838,0.0,126291.0,26453,21370.0,0.0,0,0.0,395.6174754629359
2013,Canarias,"Tenerife, S.C.",663674,1653,2310,23,221,2066,207,,0,13406.0,,0,130.0,,0,215453.0,,0,0.0,249.0680665507463
2013,Cantabria,Cantabria,374149,815,1269,20,97,1152,130,0.0,2266,,0.0,295,,19945.0,34533,,0.0,0,,217.82765689604943
2013,Castilla y León,Segovia,97806,309,485,8,54,423,64,6449.0,4704,0.0,63.0,186,0.0,70379.0,24869,123342.0,0.0,6947,0.0,315.9315379424575
2013,Andalucía,Sevilla,1218610,3617,5492,48,319,5125,360,15432.0,23291,0.0,4171.0,2149,56.0,167897.0,14428,15200.0,0.0,5095,0.0,296.81358268847293
2013,Castilla y León,Soria,54404,119,165,9,26,130,35,0.0,11869,0.0,0.0,185,0.0,90527.0,40752,188155.0,0.0,0,0.0,218.73391662377765
2013,Cataluña,Tarragona,504505,1969,2735,42,233,2460,208,3039.0,7627,0.0,2255.0,1611,622.0,105281.0,28457,108041.0,1059.0,19113,0.0,390.28354525723233
2013,Aragón,Teruel,83921,148,217,6,36,175,83,0.0,1401,0.0,0.0,273,0.0,158775.0,53089,8960.0,0.0,0,0.0,176.35633512470062
2013,Castilla-La Mancha,Toledo,437369,884,1348,25,142,1181,266,14507.0,38268,0.0,0.0,1247,0.0,193521.0,36154,9980.0,0.0,14027,0.0,202.11766266013367
2013,C. Valenciana,Valencia,1620455,4378,5958,77,493,5388,519,11053.0,29239,0.0,4762.0,4935,35.0,64468.0,38545,18165.0,0.0,8778,0.0,270.17103221008915
2013,Castilla y León,Valladolid,333478,783,1163,22,102,1039,121,4073.0,25162,0.0,0.0,1429,0.0,10427.0,26942,143017.0,0.0,0,0.0,234.7980976256305
2013,País Vasco,Vizcaya,719668,1880,2716,22,168,2526,108,,0,9217.0,,0,3486.0,,0,110673.0,,224,5489.0,261.23156788963803
2013,Castilla y León,Zamora,108167,140,212,13,64,135,74,0.0,28516,0.0,0.0,1435,0.0,115174.0,42312,156144.0,0.0,0,0.0,129.4294932835338
2013,Aragón,Zaragoza,607653,1470,2032,40,245,1747,221,522.0,30817,0.0,868.0,5151,315.0,204336.0,50971,101675.0,0.0,10702,0.0,241.91438205686467
2013,Ceuta,Ceuta,52354,166,258,1,9,248,9,0.0,0,,0.0,137,,180.0,1746,,0.0,0,,317.07223898842494
2013,Melilla,Melilla,51220,407,560,0,21,539,13,0.0,0,,53.0,102,,1639.0,889,,0.0,0,,794.6114798906677
2014,País Vasco,Álava,200971,918,1212,5,80,1127,58,,0,9187.0,,0,1196.0,,0,128398.0,,610,1423.0,456.7823218275273
2014,Castilla-La Mancha,Albacete,243938,616,849,23,101,725,150,0.0,2810,0.0,0.0,0,0.0,161262.0,4200,140879.0,0.0,0,0.0,252.5231821200469
2014,C. Valenciana,Alicante,1148660,2602,3650,67,268,3315,361,1551.0,2360,0.0,5832.0,730,1082.0,90763.0,2010,101017.0,0.0,1590,0.0,226.524820225306
2014,Andalucía,Almería,448508,691,1096,19,94,983,174,10125.0,2030,0.0,241.0,10,0.0,70382.0,1400,11690.0,0.0,280,0.0,154.06637116840727
2014,Castilla y León,Ávila,97876,464,660,12,71,577,61,0.0,870,0.0,0.0,30,0.0,98757.0,3460,10650.0,0.0,370,0.0,474.0692304548612
2014,Extremadura,Badajoz,424081,925,1380,40,147,1193,221,1688.0,2390,0.0,166.0,160,0.0,209529.0,5720,191729.0,0.0,0,0.0,218.11870845428115
2014,Islas Baleares,Baleares,716439,3229,4452,50,340,4062,171,,0,9352.0,,0,9302.0,,0,197906.0,,0,0.0,450.701315813349
2014,Cataluña,Barcelona,3423132,18473,24758,159,1172,23427,711,30975.0,1390,0.0,494.0,10,0.0,159059.0,490,157545.0,15767.0,1190,0.0,539.6519912173998
2014,Castilla y León,Burgos,223226,747,1048,24,123,901,123,4675.0,1800,0.0,588.0,150,0.0,17657.0,6640,228944.0,0.0,760,0.0,334.6384381747646
2014,Extremadura,Cáceres,247866,472,725,16,61,648,116,1071.0,3370,0.0,1064.0,200,0.0,157407.0,4090,18350.0,0.0,0,0.0,190.42547182751971
2014,Andalucía,Cádiz,784751,2709,4217,41,202,3974,212,13809.0,1170,0.0,1505.0,360,0.0,88086.0,1140,80668.0,0.0,480,0.0,345.2050395603191
2014,C. Valenciana,Castellón,366427,672,910,29,92,789,169,4622.0,750,0.0,4585.0,40,0.0,87696.0,2630,75037.0,0.0,1200,0.0,183.39259934448063
2014,Castilla-La Mancha,Ciudad Real,317872,635,992,19,79,894,185,8096.0,2570,0.0,382.0,80,0.0,172013.0,4610,17240.0,0.0,0,0.0,199.7659435244375
2014,Andalucía,Córdoba,489061,1418,1997,37,151,1809,217,997.0,1730,0.0,175.0,50,0.0,162037.0,4180,18071.0,0.0,0,0.0,289.94338129599373
2014,Galicia,"Coruña, A",694134,1114,1661,55,226,1380,245,10204.0,680,0.0,255.0,530,0.0,157944.0,2800,21170.0,333.0,1460,0.0,160.48774444127503
2014,Castilla-La Mancha,Cuenca,123542,362,562,17,44,501,140,0.0,3460,0.0,0.0,0,0.0,171881.0,5840,15572.0,0.0,500,0.0,293.01775914263976
2014,Cataluña,Gerona,468558,2329,3249,27,261,2961,221,9989.0,270,0.0,1197.0,60,259.0,119096.0,2870,67297.0,0.0,930,0.0,497.0569278509811
2014,Andalucía,Granada,571443,1421,2186,49,181,1956,257,23561.0,1630,0.0,1181.0,10,407.0,139056.0,1820,126063.0,0.0,0,0.0,248.66872111479185
2014,Castilla-La Mancha,Guadalajara,161158,222,295,14,24,257,77,926.0,1000,0.0,0.0,10,0.0,146181.0,2920,15680.0,0.0,240,0.0,137.75301257151366
2014,País Vasco,Guipúzcoa,432564,1902,2443,16,202,2225,118,,0,4264.0,,0,7838.0,,0,118307.0,,0,9564.0,439.7037201431465
2014,Andalucía,Huelva,329178,624,962,19,67,876,126,3329.0,1260,0.0,642.0,220,0.0,72816.0,3020,84001.0,0.0,0,0.0,189.56309352386856
2014,Aragón,Huesca,135412,387,563,24,108,431,113,0.0,1560,0.0,0.0,10,0.0,207302.0,6690,13860.0,0.0,500,0.0,285.794464301539
2014,Andalucía,Jaén,401869,1062,1612,30,119,1463,216,4496.0,1920,0.0,0.0,0,0.0,140982.0,2580,156283.0,0.0,0,0.0,264.26522075601747
2014,Castilla y León,León,290792,609,916,32,100,784,150,6789.0,2320,0.0,579.0,220,0.0,171492.0,5890,331032.0,0.0,940,0.0,209.4280447880272
2014,Cataluña,Lérida,270435,1144,1656,37,194,1425,190,2838.0,1280,0.0,0.0,110,0.0,152866.0,3150,82003.0,0.0,600,0.0,423.02216798861093
2014,La Rioja,"Rioja, La",195155,650,953,11,66,876,76,0.0,570,,30.0,10,,14330.0,2550,,0.0,1190,,333.0685865081602
2014,Galicia,Lugo,200419,546,779,33,100,646,110,1616.0,1960,0.0,241.0,110,0.0,143893.0,5060,42080.0,0.0,0,0.0,272.42926069883595
2014,Madrid,Madrid,4102512,15078,19942,114,1416,18412,616,12816.0,4940,,20141.0,70,,224332.0,1060,,0.0,1610,,367.53091764265406
2014,Andalucía,Málaga,1016717,2579,3570,40,265,3265,268,9718.0,2190,0.0,1136.0,300,0.0,11752.0,310,8596.0,0.0,1220,0.0,253.65957291950463
2014,Murcia,Murcia,912621,826,1422,61,173,1188,366,1674.0,2870,,801.0,120,,270896.0,1420,,0.0,1150,,90.50854626400226
2014,Navarra,Navarra,390698,457,644,41,92,511,224,23378.0,0,,256.0,0,,347058.0,0,,9888.0,390,,116.97014062012092
2014,Galicia,Orense,183075,373,513,18,88,407,94,4797.0,1680,0.0,307.0,80,0.0,9811.0,3450,184007.0,0.0,0,0.0,203.74163594155402
2014,Asturias,Asturias,658557,2262,3331,38,254,3039,215,7445.0,3580,,702.0,60,,411562.0,4690,,0.0,220,,343.47824106341596
2014,Castilla y León,Palencia,102229,253,411,12,58,341,60,623.0,1930,0.0,0.0,0,0.0,146775.0,2470,103459.0,0.0,0,0.0,247.4835907619169
2014,Canarias,"Palmas, Las",734032,1239,1835,31,131,1673,210,,0,10352.0,,0,7606.0,,0,17542.0,,0,0.0,168.79373106349587
2014,Galicia,Pontevedra,591402,1854,2871,33,283,2555,170,2498.0,800,0.0,644.0,60,0.0,12431.0,3170,16860.0,2098.0,1270,0.0,313.4923453082675
2014,Castilla y León,Salamanca,202267,664,982,13,103,866,95,0.0,3000,0.0,0.0,80,0.0,126345.0,2650,21370.0,0.0,0,0.0,328.2789580109459
2014,Canarias,"Tenerife, S.C.",657816,1812,2547,26,231,2290,212,,0,13506.0,,0,130.0,,0,216803.0,,0,0.0,275.4569666897734
2014,Cantabria,Cantabria,368900,745,1132,18,56,1058,132,0.0,2260,,0.0,30,,199481.0,3450,,0.0,0,,201.951748441312
2014,Castilla y León,Segovia,95928,271,398,19,38,341,63,6448.0,470,0.0,63.0,20,0.0,70184.0,2490,123342.0,0.0,690,0.0,282.50354432491037
2014,Andalucía,Sevilla,1213002,4305,6418,52,266,6100,372,15432.0,2330,0.0,4145.0,210,1018.0,168785.0,1440,147815.0,0.0,510,0.0,354.90460856618535
2014,Castilla y León,Soria,53746,118,184,14,21,149,38,0.0,1190,0.0,0.0,20,0.0,89877.0,4070,188792.0,0.0,0,0.0,219.55122241655192
2014,Cataluña,Tarragona,494118,1882,2654,49,224,2381,218,1469.0,760,0.0,2255.0,160,622.0,107632.0,2850,108441.0,1059.0,1910,0.0,380.8806803233236
2014,Aragón,Teruel,82662,195,296,14,53,229,83,0.0,1400,0.0,0.0,20,0.0,158937.0,5310,8610.0,0.0,0,0.0,235.90041373303333
2014,Castilla-La Mancha,Toledo,430368,709,1130,34,117,979,278,14551.0,3790,0.0,0.0,100,0.0,19234.0,3580,9560.0,0.0,1400,0.0,164.74273180162095
2014,C. Valenciana,Valencia,1596634,3914,5226,71,559,4596,567,11053.0,2920,0.0,4804.0,490,35.0,64161.0,3850,18180.0,0.0,880,0.0,245.1407147787157
2014,Castilla y León,Valladolid,327804,791,1097,13,105,979,125,4073.0,2650,0.0,0.0,140,0.0,104692.0,2690,143017.0,0.0,0,0.0,241.30272967993068
2014,País Vasco,Vizcaya,709424,1860,2607,15,105,2487,107,,0,9683.0,,0,3683.0,,0,110049.0,,220,500.0,262.18453280407766
2014,Castilla y León,Zamora,106017,126,184,18,38,128,77,0.0,2850,0.0,0.0,140,0.0,114848.0,4230,159206.0,0.0,0,0.0,118.84886386145618
2014,Aragón,Zaragoza,589017,1518,2042,39,203,1800,234,528.0,3080,0.0,941.0,520,315.0,204336.0,5060,101675.0,0.0,1070,0.0,257.7175191887501
2014,Ceuta,Ceuta,52818,289,401,0,6,395,9,0.0,0,,0.0,0,,180.0,190,,0.0,0,,547.1619523647241
2014,Melilla,Melilla,51385,507,700,0,16,684,13,0.0,0,,53.0,10,,1736.0,90,,0.0,0,,986.6692614576239
2015,País Vasco,Álava,199636,912,1150,10,84,1056,58,,0,9197.0,,0,1061.0,,0,127957.0,,6089,1423.0,456.83143320843936
2015,Castilla-La Mancha,Albacete,242197,605,837,22,83,732,151,0.0,2809,0.0,0.0,0,0.0,161262.0,4204,140879.0,0.0,0,0.0,249.796653137735
2015,C. Valenciana,Alicante,1134954,2708,3829,62,287,3480,363,1551.0,23498,0.0,5799.0,7282,1608.0,9051.0,20524,101017.0,0.0,15946,0.0,238.59997850133132
2015,Andalucía,Almería,446289,733,1195,26,111,1058,174,11042.0,2035,0.0,241.0,112,0.0,70364.0,14006,11740.0,0.0,2819,0.0,164.24334904064406
2015,Castilla y León,Ávila,96264,457,660,16,66,578,63,0.0,8697,0.0,0.0,324,0.0,98757.0,34639,10650.0,0.0,374,0.0,474.73614227540935
2015,Extremadura,Badajoz,421368,880,1329,37,105,1187,252,1688.0,23874,0.0,166.0,1576,0.0,209529.0,5724,191729.0,0.0,0,0.0,208.84357616145505
2015,Islas Baleares,Baleares,714558,3460,4777,53,389,4335,178,,0,9352.0,,0,9712.0,,0,196473.0,,0,0.0,484.215417083008
2015,Cataluña,Barcelona,3401265,19625,26101,128,1145,24828,735,28788.0,13919,0.0,5313.0,105,0.0,158028.0,4922,15695.0,15945.0,11893,0.0,576.9912076830237
2015,Castilla y León,Burgos,219913,788,1144,32,140,972,130,4675.0,19839,0.0,588.0,1531,0.0,17657.0,65795,228944.0,0.0,7629,0.0,358.3235188460891
2015,Extremadura,Cáceres,246240,518,755,17,50,688,126,1071.0,3370,0.0,1064.0,2018,0.0,157407.0,40845,183583.0,0.0,0,0.0,210.3638726445744
2015,Andalucía,Cádiz,782125,3080,4705,32,229,4444,226,13809.0,1239,0.0,2376.0,3396,0.0,8734.0,11345,80668.0,0.0,478,0.0,393.79894518139685
2015,C. Valenciana,Castellón,360284,708,956,28,97,831,173,4604.0,7463,0.0,4583.0,366,0.0,87468.0,28118,77488.0,0.0,11988,0.0,196.51164081668907
2015,Castilla-La Mancha,Ciudad Real,313796,640,952,27,61,864,198,8096.0,25682,0.0,382.0,763,0.0,172013.0,4606,17240.0,0.0,0,0.0,203.95416130224731
2015,Andalucía,Córdoba,486202,1491,2069,26,118,1925,225,997.0,17418,0.0,1744.0,501,0.0,161952.0,41753,180661.0,0.0,0,0.0,306.6626628438386
2015,Galicia,"Coruña, A",685245,1443,2052,47,234,1771,245,10204.0,7199,0.0,255.0,5437,0.0,157067.0,28099,21040.0,333.0,14632,0.0,210.5816167939934
2015,Castilla-La Mancha,Cuenca,120909,316,488,16,57,415,143,0.0,34621,0.0,0.0,0,0.0,171881.0,58436,15572.0,0.0,4983,0.0,261.3535799650977
2015,Cataluña,Gerona,464179,2409,3316,41,278,2997,236,900.0,3298,0.0,2183.0,634,259.0,112992.0,27978,77776.0,0.0,9262,0.0,518.9808242079026
2015,Andalucía,Granada,569004,1251,1874,43,172,1659,266,23569.0,18454,0.0,1181.0,272,407.0,138816.0,18316,126063.0,0.0,0,0.0,219.85785688677055
2015,Castilla-La Mancha,Guadalajara,159230,218,314,11,48,255,79,926.0,9967,0.0,0.0,69,0.0,146181.0,29178,15680.0,0.0,2402,0.0,136.9088739559128
2015,País Vasco,Guipúzcoa,429701,1754,2209,38,199,1972,115,,0,4504.0,,0,7838.0,,0,118307.0,,0,1072.0,408.19081175049627
2015,Andalucía,Huelva,328512,721,1157,23,80,1054,131,3329.0,13642,0.0,642.0,1144,0.0,73145.0,29916,84001.0,0.0,0,0.0,219.4744788622638
2015,Aragón,Huesca,133601,482,670,17,111,542,114,0.0,15596,0.0,0.0,57,0.0,204253.0,66866,13860.0,0.0,4971,0.0,360.7757426965367
2015,Andalucía,Jaén,399588,1023,1564,23,92,1449,232,7722.0,20292,0.0,187.0,0,0.0,140245.0,25723,156487.0,0.0,0,0.0,256.0136941049281
2015,Castilla y León,León,286238,810,1234,39,170,1025,151,6789.0,23166,0.0,579.0,216,0.0,17152.0,58861,331032.0,0.0,9368,0.0,282.9812952857412
2015,Cataluña,Lérida,267927,1251,1787,51,209,1527,189,2838.0,12786,0.0,0.0,1065,0.0,152866.0,3185,81546.0,0.0,6047,0.0,466.918227726209
2015,La Rioja,"Rioja, La",192659,707,977,20,71,886,78,0.0,6195,,30.0,138,,14330.0,25463,,0.0,1191,,366.9696198983697
2015,Galicia,Lugo,197617,549,816,22,141,653,112,1616.0,23826,0.0,241.0,111,0.0,145978.0,50628,42080.0,0.0,0,0.0,277.8101074300288
2015,Madrid,Madrid,4056167,15422,20114,111,1314,18689,638,12816.0,49361,,20141.0,705,,224262.0,10416,,0.0,16082,,380.2111698063714
2015,Andalucía,Málaga,1015969,2514,3589,46,237,3306,288,971.0,21874,0.0,1136.0,2968,0.0,117482.0,3137,8596.0,0.0,12209,0.0,247.44849498360676
2015,Murcia,Murcia,908711,1755,2561,44,219,2298,376,16784.0,28908,,7968.0,1248,,264312.0,1420,,0.0,11464,,193.13070932342626
2015,Navarra,Navarra,387768,450,612,26,112,474,231,23554.0,0,,256.0,0,,346038.0,0,,10507.0,3903,,116.04877143033978
2015,Galicia,Orense,179650,403,561,11,83,467,91,4797.0,16836,0.0,307.0,82,0.0,97689.0,34503,184007.0,0.0,0,0.0,224.32507653771225
2015,Asturias,Asturias,646295,2374,3461,36,230,3195,210,7445.0,35784,,702.0,585,,411121.0,47314,,0.0,2186,,367.3245189890066
2015,Castilla y León,Palencia,100811,264,391,6,49,336,61,623.0,19333,0.0,0.0,0,0.0,146775.0,24701,103459.0,0.0,0,0.0,261.8761841465713
2015,Canarias,"Palmas, Las",731131,1472,2138,22,145,1971,209,,0,11082.0,,0,7606.0,,0,175245.0,,0,0.0,201.33190905596948
2015,Galicia,Pontevedra,584347,2068,3220,43,275,2902,171,2734.0,8031,0.0,644.0,749,0.0,124411.0,31618,16860.0,2098.0,12671,0.0,353.8993098278933
2015,Castilla y León,Salamanca,199185,643,857,17,88,752,99,0.0,30043,0.0,0.0,838,0.0,126345.0,26453,21370.0,0.0,0,0.0,322.8154730526897
2015,Canarias,"Tenerife, S.C.",654942,1797,2593,40,202,2351,220,,0,13506.0,,0,130.0,,0,216803.0,,0,0.0,274.3754408787343
2015,Cantabria,Cantabria,363611,703,1065,22,57,986,135,0.0,25491,,0.0,295,,199481.0,32922,,0.0,0,,193.3384853593538
2015,Castilla y León,Segovia,94438,324,480,16,46,418,65,6448.0,4704,0.0,63.0,186,0.0,7033.0,24869,122935.0,0.0,6947,0.0,343.08223384654485
2015,Andalucía,Sevilla,1208730,5371,8006,43,242,7721,394,15677.0,23291,0.0,4145.0,2149,1085.0,170641.0,14428,147747.0,0.0,5095,0.0,444.35068212090374
2015,Castilla y León,Soria,52821,121,172,10,31,131,38,0.0,13174,0.0,0.0,185,0.0,89877.0,40727,189073.0,0.0,0,0.0,229.0755570701047
2015,Cataluña,Tarragona,486379,2001,2762,71,244,2447,217,2306.0,8566,0.0,2255.0,1611,622.0,107657.0,28352,108356.0,1059.0,19113,0.0,411.4075648825299
2015,Aragón,Teruel,81766,148,205,16,45,144,82,0.0,1401,0.0,0.0,273,0.0,162821.0,53089,9630.0,0.0,0,0.0,181.00432942787955
2015,Castilla-La Mancha,Toledo,424448,849,1292,31,128,1133,292,14551.0,37868,0.0,0.0,954,0.0,19234.0,36385,9560.0,0.0,14027,0.0,200.02450241254525
2015,C. Valenciana,Valencia,1583491,4227,5582,64,402,5116,583,8605.0,31645,0.0,4842.0,4654,90.0,6718.0,34147,18180.0,0.0,8778,0.0,266.941839265269
2015,Castilla y León,Valladolid,322517,836,1249,24,104,1121,125,4073.0,26466,0.0,0.0,1429,0.0,104692.0,26892,14330.0,0.0,0,0.0,259.2111423583873
2015,País Vasco,Vizcaya,701535,1884,2690,19,108,2563,112,,0,9674.0,,0,395.0,,0,109843.0,,224,500.0,268.5539566807073
2015,Castilla y León,Zamora,104469,108,186,21,44,121,81,0.0,33639,0.0,0.0,1322,0.0,114848.0,42312,159206.0,0.0,0,0.0,103.37995003302416
2015,Aragón,Zaragoza,582753,1570,2158,38,229,1891,240,528.0,31066,0.0,941.0,5151,315.0,204336.0,50848,101675.0,0.0,10702,0.0,269.41088248365946
2015,Ceuta,Ceuta,52084,319,462,3,15,444,9,0.0,0,,0.0,0,,180.0,1883,,0.0,0,,612.4721603563474
2015,Melilla,Melilla,51898,594,821,2,19,800,13,0.0,0,,53.0,102,,1736.0,927,,0.0,0,,1144.5527766002542
2016,País Vasco,Álava,197815,1006,1284,13,63,1208,59,0.0,0,9197.0,0.0,0,1061.0,0.0,0,127957.0,0.0,6089,1423.0,508.5559740161262
2016,Castilla-La Mancha,Albacete,240542,690,952,24,95,833,153,0.0,28128,0.0,0.0,0,0.0,161262.0,41807,14070.0,0.0,0,0.0,286.85219213276685
2016,C. Valenciana,Alicante,1122022,3028,4208,68,291,3849,382,1551.0,23107,0.0,5778.0,6187,888.0,90647.0,20763,97219.0,0.0,15946,0.0,269.8699312491199
2016,Andalucía,Almería,447442,713,1175,40,108,1027,182,11292.0,2035,0.0,341.0,112,0.0,70108.0,13684,11710.0,0.0,2819,0.0,159.3502621568829
2016,Castilla y León,Ávila,94735,442,640,12,60,568,63,0.0,8697,0.0,0.0,324,0.0,98757.0,34639,10650.0,0.0,374,0.0,466.5646276455376
2016,Extremadura,Badajoz,420217,889,1299,38,139,1122,256,170.0,24212,0.0,2098.0,1497,0.0,20940.0,57517,191729.0,0.0,0,0.0,211.55736202961802
2016,Islas Baleares,Baleares,714190,3821,5336,60,344,4932,187,0.0,0,9352.0,0.0,0,9712.0,0.0,0,196473.0,0.0,0,0.0,535.0116915666699
2016,Cataluña,Barcelona,3400438,20910,27756,131,1102,26523,750,28788.0,14273,0.0,5416.0,105,0.0,154835.0,4677,15695.0,15945.0,11893,0.0,614.9207837343307
2016,Castilla y León,Burgos,216550,845,1235,36,149,1050,129,4675.0,20914,0.0,588.0,1918,0.0,17657.0,66135,228944.0,0.0,7629,0.0,390.21011313784345
2016,Extremadura,Cáceres,244630,419,616,24,55,537,129,10709.0,3370,0.0,1064.0,2098,0.0,157048.0,41161,186915.0,0.0,0,0.0,171.27907452070474
2016,Andalucía,Cádiz,780083,2757,4194,41,211,3942,235,13809.0,12013,0.0,2376.0,3343,0.0,87231.0,12533,80668.0,0.0,478,0.0,353.4239305304692
2016,C. Valenciana,Castellón,356413,786,1152,43,141,968,175,4604.0,7379,0.0,4583.0,197,0.0,87578.0,28351,77488.0,0.0,11988,0.0,220.53067649047594
2016,Castilla-La Mancha,Ciudad Real,309114,675,1026,30,77,919,205,8096.0,25847,0.0,382.0,598,0.0,172013.0,4606,17240.0,0.0,0,0.0,218.36603971350377
2016,Andalucía,Córdoba,484384,1359,1961,22,151,1788,231,997.0,17673,0.0,1744.0,65,0.0,161952.0,42369,180661.0,0.0,0,0.0,280.56252890268877
2016,Galicia,"Coruña, A",678109,1978,2794,58,304,2432,248,12686.0,7707,0.0,255.0,5668,0.0,157774.0,28211,210315.0,3253.0,14632,0.0,291.6935182986806
2016,Castilla-La Mancha,Cuenca,119179,294,459,15,74,370,148,0.0,34621,0.0,0.0,0,0.0,171881.0,58275,15572.0,0.0,4983,0.0,246.6877553931481
2016,Cataluña,Gerona,462002,2701,3713,55,273,3385,243,900.0,3298,0.0,2183.0,756,259.0,11273.0,27534,77726.0,0.0,9262,0.0,584.6295037683819
2016,Andalucía,Granada,567730,1931,2814,27,196,2591,264,23569.0,18586,0.0,1181.0,196,407.0,138428.0,19666,126063.0,0.0,0,0.0,340.1264685678051
2016,Castilla-La Mancha,Guadalajara,158003,254,387,7,40,340,83,926.0,9967,0.0,0.0,69,0.0,146181.0,29178,15680.0,0.0,2402,0.0,160.75644133339242
2016,País Vasco,Guipúzcoa,427135,1938,2452,17,203,2232,116,0.0,0,4504.0,0.0,0,7838.0,0.0,0,118307.0,0.0,0,1072.0,453.72072061526217
2016,Andalucía,Huelva,327251,644,1006,19,92,895,136,3329.0,13642,0.0,642.0,1178,0.0,73181.0,31558,84001.0,0.0,0,0.0,196.79084250315506
2016,Aragón,Huesca,132236,463,646,21,104,521,118,0.0,15653,0.0,0.0,0,0.0,204253.0,68507,13860.0,0.0,4971,0.0,350.13158292749324
2016,Andalucía,Jaén,397644,925,1400,31,114,1255,230,7339.0,20197,0.0,57.0,0,0.0,139936.0,25831,90933.0,0.0,0,0.0,232.62013258090153
2016,Castilla y León,León,281158,899,1284,25,189,1070,155,6789.0,23166,0.0,579.0,1718,0.0,17152.0,58861,331032.0,0.0,9368,0.0,319.7490379075111
2016,Cataluña,Lérida,265869,1316,1911,37,188,1686,187,2838.0,12786,0.0,0.0,1065,0.0,151996.0,31312,81585.0,0.0,6047,0.0,494.9806107519116
2016,La Rioja,"Rioja, La",190887,712,983,25,60,898,78,0.0,6213,0.0,30.0,115,0.0,14330.0,26057,0.0,0.0,1191,0.0,372.9955418650825
2016,Galicia,Lugo,195256,611,924,32,114,778,115,1616.0,2348,0.0,241.0,1233,0.0,146409.0,51605,42080.0,0.0,0,0.0,312.9225222272299
2016,Madrid,Madrid,4052330,16158,20780,121,1254,19405,667,1288.0,48113,0.0,20141.0,78,0.0,22383.0,10042,0.0,0.0,16082,0.0,398.73356809539206
2016,Andalucía,Málaga,1014732,2215,3249,57,252,2940,293,971.0,21874,0.0,1136.0,2349,0.0,118042.0,3756,8596.0,0.0,12209,0.0,218.28423662602538
2016,Murcia,Murcia,904882,2304,3280,58,241,2981,398,16784.0,29026,0.0,7968.0,113,0.0,264312.0,1420,0.0,0.0,11464,0.0,254.61883427894466
2016,Navarra,Navarra,385675,731,970,26,136,808,235,23554.0,0,0.0,256.0,0,0.0,346038.0,0,0.0,10507.0,3903,0.0,189.53782329681727
2016,Galicia,Orense,176647,422,603,15,86,502,91,4797.0,16674,0.0,307.0,936,0.0,97763.0,34682,184007.0,0.0,0,0.0,238.8945184463931
2016,Asturias,Asturias,636386,2224,3191,35,232,2924,210,7445.0,35676,0.0,702.0,585,0.0,411121.0,4660,0.0,0.0,2186,0.0,349.4734327907905
2016,Castilla y León,Palencia,99473,250,360,13,50,297,64,623.0,19333,0.0,0.0,0,0.0,146839.0,24701,10350.0,0.0,0,0.0,251.32448000965087
2016,Canarias,"Palmas, Las",729325,1314,1978,40,130,1808,213,0.0,0,11082.0,0.0,0,7606.0,0.0,0,175163.0,0.0,0,0.0,180.16659239707948
2016,Galicia,Pontevedra,578529,1726,2668,36,260,2372,174,2734.0,8129,0.0,644.0,96,0.0,124411.0,31885,16570.0,2098.0,12671,0.0,298.34286613117064
2016,Castilla y León,Salamanca,196233,662,913,10,74,829,98,0.0,30043,0.0,0.0,819,0.0,126345.0,26453,227969.0,0.0,0,0.0,337.35406379151317
2016,Canarias,"Tenerife, S.C.",655071,2257,3277,31,261,2985,221,0.0,0,14176.0,0.0,0,3853.0,0.0,0,210003.0,0.0,0,0.0,344.5428052837021
2016,Cantabria,Cantabria,359023,710,1089,21,67,1001,134,0.0,25491,0.0,0.0,295,0.0,198797.0,32468,0.0,0.0,0,0.0,197.75891795233173
2016,Castilla y León,Segovia,93168,312,460,16,38,406,67,6448.0,4704,0.0,63.0,186,0.0,69677.0,24999,122935.0,0.0,6947,0.0,334.8789283874292
2016,Andalucía,Sevilla,1205416,5033,7492,66,329,7097,414,15677.0,23435,0.0,4145.0,2057,1085.0,170641.0,14398,147382.0,0.0,5095,0.0,417.5322046496811
2016,Castilla y León,Soria,52068,143,226,19,41,166,39,0.0,13174,0.0,0.0,185,0.0,89877.0,40727,188985.0,0.0,0,0.0,274.64085426749637
2016,Cataluña,Tarragona,481965,2066,2901,59,237,2605,225,2306.0,8997,0.0,2255.0,2789,622.0,107082.0,2590,108434.0,1059.0,19113,0.0,428.6618322907265
2016,Aragón,Teruel,80459,182,278,9,61,208,83,0.0,14012,0.0,0.0,134,0.0,162821.0,54478,9630.0,0.0,0,0.0,226.20216507786574
2016,Castilla-La Mancha,Toledo,419924,906,1392,42,139,1211,292,14631.0,37868,0.0,0.0,954,0.0,19234.0,36385,9560.0,0.0,14027,0.0,215.75332679246722
2016,C. Valenciana,Valencia,1576345,4402,5924,69,433,5422,602,8602.0,36326,0.0,4843.0,333,1534.0,67373.0,33527,185516.0,0.0,8778,0.0,279.2535897915748
2016,Castilla y León,Valladolid,318006,904,1265,24,92,1149,132,4073.0,26184,0.0,0.0,1645,0.0,104692.0,26869,14350.0,0.0,0,0.0,284.2713659490701
2016,País Vasco,Vizcaya,695938,1923,2689,26,123,2540,115,0.0,0,10439.0,0.0,0,391.0,0.0,0,109337.0,0.0,224,500.0,276.31771795763416
2016,Castilla y León,Zamora,102460,124,224,20,43,161,80,0.0,33369,0.0,0.0,1697,0.0,113992.0,4219,159206.0,0.0,0,0.0,121.02283818075347
2016,Aragón,Zaragoza,575379,1529,2140,43,209,1888,243,528.0,32975,0.0,941.0,424,315.0,204336.0,50474,101675.0,0.0,10702,0.0,265.73788754890256
2016,Ceuta,Ceuta,52044,297,435,2,16,417,9,0.0,0,0.0,0.0,137,0.0,180.0,1883,0.0,0.0,0,0.0,570.6709707170855
2016,Melilla,Melilla,52059,562,809,1,14,794,13,0.0,0,0.0,53.0,102,0.0,1736.0,927,0.0,0.0,0,0.0,1079.5443631264527
2017,País Vasco,Álava,197802,998,1314,11,118,1185,60,0.0,0,9197.0,0.0,0,1061.0,0.0,0,127627.0,0.0,6089,1423.0,504.5449489893934
2017,Castilla-La Mancha,Albacete,239318,711,959,16,99,844,153,0.0,28128,0.0,397.0,0,0.0,161262.0,41807,14070.0,0.0,0,0.0,297.0942428066422
2017,C. Valenciana,Alicante,1112362,2954,4163,64,297,3802,398,1563.0,23107,0.0,5789.0,6187,888.0,90986.0,20763,97219.0,0.0,15946,0.0,265.5610313908602
2017,Andalucía,Almería,447577,1190,1904,22,137,1745,184,11742.0,2035,0.0,241.0,112,0.0,69619.0,13598,11710.0,0.0,2819,0.0,265.8760392066617
2017,Castilla y León,Ávila,93445,385,530,11,39,480,57,0.0,8697,0.0,0.0,324,0.0,98637.0,34639,10650.0,0.0,374,0.0,412.00706297822245
2017,Extremadura,Badajoz,416901,1013,1458,36,139,1283,261,170.0,24212,0.0,210.0,1497,0.0,209421.0,57517,192112.0,0.0,0,0.0,242.98334616611618
2017,Islas Baleares,Baleares,718442,3783,5085,68,389,4628,187,0.0,0,9352.0,0.0,0,9711.0,0.0,0,210607.0,0.0,0,0.0,526.5560755078351
2017,Cataluña,Barcelona,3410928,20986,27730,145,1036,26549,753,28788.0,14273,0.0,5416.0,105,0.0,154483.0,4404,15695.0,15945.0,11893,0.0,615.2577832191122
2017,Castilla y León,Burgos,213398,807,1084,31,120,933,129,4675.0,21137,0.0,588.0,1918,0.0,176735.0,67339,228944.0,0.0,7629,0.0,378.1666182438448
2017,Extremadura,Cáceres,242136,478,741,26,56,659,129,1071.0,3370,0.0,127.0,2098,0.0,156843.0,41161,186915.0,0.0,0,0.0,197.40972015726697
2017,Andalucía,Cádiz,776449,2869,4207,34,224,3949,243,15539.0,12013,0.0,646.0,3343,0.0,87231.0,12533,80668.0,0.0,478,0.0,369.5026975371209
2017,C. Valenciana,Castellón,351908,809,1128,39,118,971,173,4604.0,7254,0.0,4582.0,222,0.0,87571.0,28235,77488.0,0.0,11988,0.0,229.88963024426837
2017,Castilla-La Mancha,Ciudad Real,305832,563,813,33,63,717,204,8096.0,25847,0.0,382.0,598,0.0,172013.0,4579,17270.0,0.0,0,0.0,184.08799602396087
2017,Andalucía,Córdoba,481826,1170,1641,37,115,1489,226,997.0,17673,0.0,1744.0,65,0.0,161952.0,42369,180808.0,0.0,0,0.0,242.82624847974168
2017,Galicia,"Coruña, A",672080,1876,2700,51,312,2337,250,12686.0,7707,0.0,255.0,5533,0.0,157101.0,27799,210315.0,3253.0,14632,0.0,279.13343649565525
2017,Castilla-La Mancha,Cuenca,117791,282,414,18,64,332,142,0.0,34621,0.0,0.0,0,0.0,171881.0,58275,15572.0,0.0,4983,0.0,239.40708543097523
2017,Cataluña,Gerona,461353,2676,3659,47,225,3387,239,900.0,3298,0.0,2183.0,756,259.0,112708.0,27534,78281.0,0.0,9262,0.0,580.0330766246237
2017,Andalucía,Granada,565403,1839,2636,33,169,2434,260,23569.0,18988,0.0,1181.0,196,407.0,138428.0,19458,126062.0,0.0,0,0.0,325.25472981218707
2017,Castilla-La Mancha,Guadalajara,157912,257,385,12,42,331,80,926.0,9967,0.0,0.0,69,0.0,146181.0,29178,15680.0,0.0,2402,0.0,162.74887278990832
2017,País Vasco,Guipúzcoa,425339,1723,2194,27,186,1981,117,0.0,0,4504.0,0.0,0,7838.0,0.0,0,118307.0,0.0,0,1072.0,405.08864693808937
2017,Andalucía,Huelva,325872,763,1256,22,116,1118,137,3329.0,13642,0.0,642.0,1178,0.0,72971.0,31558,84001.0,0.0,0,0.0,234.1410124220553
2017,Aragón,Huesca,131149,498,706,25,108,573,118,0.0,15653,0.0,0.0,0,0.0,20760.0,68507,13860.0,0.0,4971,0.0,379.7207756063714
2017,Andalucía,Jaén,395205,928,1386,35,81,1270,243,7339.0,20197,0.0,57.0,0,0.0,139936.0,25306,90176.0,0.0,0,0.0,234.8148429296188
2017,Castilla y León,León,276680,859,1214,22,167,1025,154,6814.0,23166,0.0,579.0,1579,0.0,170533.0,58333,331032.0,0.0,9368,0.0,310.46696544744833
2017,Cataluña,Lérida,263797,1391,2035,40,201,1794,191,2838.0,13384,0.0,0.0,971,0.0,151996.0,31406,81296.0,0.0,6047,0.0,527.2994006755195
2017,La Rioja,"Rioja, La",189708,709,943,26,77,840,81,0.0,6213,0.0,30.0,115,0.0,14420.0,25078,0.0,0.0,1191,0.0,373.73226221350706
2017,Galicia,Lugo,192961,547,802,22,107,673,115,1616.0,2348,0.0,241.0,1233,0.0,147196.0,51605,42170.0,0.0,0,0.0,283.47697203061756
2017,Madrid,Madrid,4058324,16248,21065,125,1304,19636,679,1288.0,48113,0.0,20141.0,72,0.0,22383.0,10042,0.0,0.0,16082,0.0,400.3623170550207
2017,Andalucía,Málaga,1013318,2035,2905,67,222,2616,301,971.0,21874,0.0,1136.0,2349,0.0,117766.0,3756,8596.0,0.0,12209,0.0,200.82540722655673
2017,Murcia,Murcia,905963,2480,3538,85,233,3220,400,16784.0,3135,0.0,7968.0,113,0.0,264312.0,13811,0.0,0.0,11464,0.0,273.7418636301924
2017,Navarra,Navarra,385790,872,1185,29,124,1032,235,23554.0,0,0.0,256.0,0,0.0,345414.0,0,0.0,10507.0,3903,0.0,226.02970528007464
2017,Galicia,Orense,174010,446,612,13,91,508,86,4797.0,16674,0.0,307.0,936,0.0,97763.0,34682,184007.0,0.0,0,0.0,256.30710878685136
2017,Asturias,Asturias,627081,2312,3234,37,219,2978,209,7445.0,35787,0.0,702.0,537,0.0,411121.0,4660,0.0,0.0,2186,0.0,368.6924017790365
2017,Castilla y León,Palencia,98368,239,347,13,37,297,66,623.0,19333,0.0,0.0,0,0.0,146839.0,24701,103508.0,0.0,0,0.0,242.96519193233573
2017,Canarias,"Palmas, Las",730399,1302,2031,30,115,1886,216,0.0,0,12893.0,0.0,0,7606.0,0.0,0,175731.0,0.0,0,0.0,178.25873255576747
2017,Galicia,Pontevedra,574385,1760,2719,31,181,2507,174,2734.0,8129,0.0,644.0,914,0.0,124113.0,31885,169158.0,2098.0,12671,0.0,306.41468701306616
2017,Castilla y León,Salamanca,194075,500,687,15,61,611,101,0.0,30043,0.0,0.0,864,0.0,126345.0,26408,227969.0,0.0,0,0.0,257.6323586242432
2017,Canarias,"Tenerife, S.C.",656368,2216,3169,37,298,2834,223,0.0,0,14176.0,0.0,0,4454.0,0.0,0,209995.0,0.0,0,0.0,337.6154839967823
2017,Cantabria,Cantabria,355315,714,1039,22,68,949,137,0.0,25491,0.0,0.0,295,0.0,198797.0,32045,0.0,0.0,0,0.0,200.9484541885369
2017,Castilla y León,Segovia,92043,295,417,10,41,366,67,6448.0,4704,0.0,63.0,186,0.0,69477.0,24999,122935.0,0.0,6947,0.0,320.50237389046424
2017,Andalucía,Sevilla,1200688,4592,6673,55,308,6310,425,15677.0,23435,0.0,4145.0,1897,974.0,170641.0,14246,146789.0,0.0,5095,0.0,382.44739682581985
2017,Castilla y León,Soria,51457,113,150,11,25,114,36,0.0,13174,0.0,0.0,185,0.0,89881.0,40727,189195.0,0.0,0,0.0,219.60083176244243
2017,Cataluña,Tarragona,479174,1999,2743,51,216,2476,226,2306.0,8937,0.0,2255.0,1305,81.0,107139.0,27003,108039.0,1059.0,19113,0.0,417.17622408561397
2017,Aragón,Teruel,79438,214,305,18,64,223,81,0.0,14012,0.0,0.0,134,0.0,162821.0,54478,9630.0,0.0,0,0.0,269.3924821873662
2017,Castilla-La Mancha,Toledo,417360,836,1341,50,107,1184,284,14631.0,37868,0.0,0.0,954,0.0,19234.0,36385,9560.0,0.0,14027,0.0,200.3066896683918
2017,C. Valenciana,Valencia,1565681,4278,5767,73,449,5245,598,8599.0,36786,0.0,5172.0,333,1534.0,67636.0,33527,185516.0,0.0,8778,0.0,273.23573575971096
2017,Castilla y León,Valladolid,313987,932,1297,27,116,1154,136,4073.0,26184,0.0,0.0,1645,0.0,104533.0,26869,14350.0,0.0,0,0.0,296.8275756639606
2017,País Vasco,Vizcaya,692628,2002,2756,13,148,2595,118,0.0,0,10439.0,0.0,0,386.0,0.0,0,107758.0,0.0,224,500.0,289.04404673215635
2017,Castilla y León,Zamora,100590,215,315,24,52,239,74,0.0,33369,0.0,0.0,1697,0.0,114848.0,4219,15710.0,0.0,0,0.0,213.73894025251016
2017,Aragón,Zaragoza,574321,1694,2358,37,226,2095,239,528.0,32975,0.0,941.0,424,315.0,204336.0,50474,101675.0,0.0,10702,0.0,294.9570013981728
2017,Ceuta,Ceuta,52176,409,630,2,22,606,9,0.0,0,0.0,0.0,137,0.0,180.0,1883,0.0,0.0,0,0.0,783.8853112542165
2017,Melilla,Melilla,51919,466,622,2,14,606,11,0.0,0,0.0,53.0,0,0.0,1736.0,981,0.0,0.0,0,0.0,897.5519559313547
2018,País Vasco,Álava,197691,1044,1341,15,106,1220,67,0.0,0,9797.0,0.0,0,1061.0,0.0,0,127666.0,0.0,550,1423.0,528.0968784618419
2018,Castilla-La Mancha,Albacete,238133,708,947,11,90,846,162,0.0,2790,0.0,397.0,0,0.0,161262.0,4180,14040.0,0.0,0,0.0,297.3128461825954
2018,C. Valenciana,Alicante,1115961,3021,4127,60,349,3718,408,1563.0,2340,0.0,5789.0,620,888.0,91372.0,2080,9720.0,0.0,1590,0.0,270.7083849704425
2018,Andalucía,Almería,447538,1194,1918,27,111,1780,189,11742.0,2040,0.0,241.0,10,0.0,69619.0,1360,12260.0,0.0,280,0.0,266.79298741112484
2018,Castilla y León,Ávila,91799,382,544,16,52,476,66,0.0,870,0.0,0.0,30,0.0,98637.0,3450,10650.0,0.0,370,0.0,416.12653732611466
2018,Extremadura,Badajoz,414050,951,1404,32,117,1255,255,170.0,2420,0.0,210.0,150,0.0,209421.0,5750,192112.0,0.0,0,0.0,229.68240550658132
2018,Islas Baleares,Baleares,725987,3450,4695,53,310,4332,193,0.0,0,9352.0,0.0,0,9711.0,0.0,0,210607.0,0.0,0,0.0,475.2151209319175
2018,Cataluña,Barcelona,3423593,20862,27334,163,1049,26122,757,28878.0,1430,0.0,5432.0,10,0.0,153097.0,450,15695.0,15945.0,1190,0.0,609.3598158425958
2018,Castilla y León,Burgos,211686,749,1094,32,109,953,133,4675.0,2880,0.0,582.0,190,0.0,176715.0,6730,228944.0,0.0,0,0.0,353.82594975577035
2018,Extremadura,Cáceres,239097,504,715,19,70,626,142,1071.0,3370,0.0,127.0,210,0.0,156843.0,4170,188015.0,0.0,0,0.0,210.79310907288675
2018,Andalucía,Cádiz,772452,2556,3718,36,206,3476,258,15539.0,1200,0.0,646.0,330,0.0,87179.0,1250,80668.0,0.0,480,0.0,330.89434683320127
2018,C. Valenciana,Castellón,351434,885,1213,35,129,1049,173,4604.0,730,0.0,4601.0,20,0.0,87765.0,2760,77488.0,0.0,1200,0.0,251.82537830716439
2018,Castilla-La Mancha,Ciudad Real,303225,500,759,25,46,688,210,8096.0,2620,0.0,382.0,60,0.0,172013.0,4610,17270.0,0.0,0,0.0,164.89405556929674
2018,Andalucía,Córdoba,479117,1077,1576,34,122,1420,232,997.0,1780,0.0,1744.0,10,0.0,161952.0,4250,180719.0,0.0,0,0.0,224.78851720978383
2018,Galicia,"Coruña, A",666834,1752,2452,64,275,2113,256,12686.0,770,0.0,255.0,550,0.0,156488.0,2790,210315.0,3253.0,1460,0.0,262.7340537525081
2018,Castilla-La Mancha,Cuenca,116785,250,392,20,65,307,155,0.0,3460,0.0,0.0,0,0.0,171881.0,5830,15572.0,0.0,500,0.0,214.0685875754592
2018,Cataluña,Gerona,463853,2550,3522,55,264,3203,243,9022.0,360,0.0,2238.0,80,259.0,112765.0,2720,78501.0,0.0,930,0.0,549.7431298277687
2018,Andalucía,Granada,564234,1692,2420,31,137,2252,271,23569.0,1900,0.0,1181.0,20,407.0,138425.0,1910,126063.0,0.0,0,0.0,299.875583534491
2018,Castilla-La Mancha,Guadalajara,158229,327,482,10,29,443,85,926.0,1000,0.0,0.0,10,0.0,146181.0,2920,15680.0,0.0,240,0.0,206.66249549703275
2018,País Vasco,Guipúzcoa,423999,1784,2219,13,171,2035,119,0.0,0,4504.0,0.0,0,7838.0,0.0,0,118307.0,0.0,0,1072.0,420.75570932950313
2018,Andalucía,Huelva,326205,718,1156,18,128,1010,136,3329.0,1360,0.0,642.0,120,0.0,7302.0,3160,84001.0,0.0,0,0.0,220.10698793703347
2018,Aragón,Huesca,130476,380,558,27,69,462,119,0.0,1610,0.0,0.0,0,0.0,20760.0,6790,13860.0,0.0,500,0.0,291.24130108219134
2018,Andalucía,Jaén,391566,855,1335,31,92,1212,242,7339.0,2020,0.0,57.0,0,0.0,139936.0,2530,90588.0,0.0,0,0.0,218.35399396270358
2018,Castilla y León,León,272514,819,1173,35,133,1005,156,6814.0,2520,0.0,579.0,160,0.0,170533.0,5830,331032.0,0.0,940,0.0,300.53501838437654
2018,Cataluña,Lérida,263013,1431,2087,43,180,1864,184,2821.0,1340,0.0,0.0,100,0.0,152075.0,3050,81268.0,0.0,600,0.0,544.0795702113584
2018,La Rioja,"Rioja, La",189291,602,829,10,68,751,83,0.0,620,0.0,30.0,10,0.0,14420.0,2510,0.0,0.0,1190,0.0,318.0288550432931
2018,Galicia,Lugo,190844,532,808,26,85,697,117,1616.0,2350,0.0,241.0,120,0.0,147132.0,5160,42170.0,0.0,0,0.0,278.76171113579676
2018,Madrid,Madrid,4089450,16614,21399,114,1185,20100,710,12444.0,4810,0.0,20474.0,70,0.0,223083.0,1000,0.0,0.0,1610,0.0,406.26490114807615
2018,Andalucía,Málaga,1016507,4265,5836,39,224,5573,306,971.0,2190,0.0,1136.0,240,0.0,117009.0,380,8596.0,0.0,1220,0.0,419.5740904883095
2018,Murcia,Murcia,909657,2518,3522,66,285,3171,410,16784.0,3130,0.0,7968.0,110,0.0,264312.0,1380,0.0,0.0,1150,0.0,276.8076318876236
2018,Navarra,Navarra,387059,825,1102,35,119,948,237,23554.0,0,0.0,256.0,0,0.0,346038.0,0,0.0,10507.0,390,0.0,213.145799477599
2018,Galicia,Orense,171804,402,588,19,103,466,88,4797.0,1670,0.0,307.0,90,0.0,97763.0,3440,185516.0,0.0,0,0.0,233.98756722777117
2018,Asturias,Asturias,617956,2068,2916,43,204,2669,216,7445.0,3580,0.0,702.0,50,0.0,411121.0,4660,0.0,0.0,220,0.0,334.6516580468512
2018,Castilla y León,Palencia,96947,185,274,11,50,213,66,6205.0,1930,0.0,0.0,0,0.0,146839.0,2470,103508.0,0.0,0,0.0,190.82591519077434
2018,Canarias,"Palmas, Las",734813,1272,1959,39,95,1825,224,0.0,0,13451.0,0.0,0,7606.0,0.0,0,175731.0,0.0,0,0.0,173.10526623780473
2018,Galicia,Pontevedra,570197,1694,2563,35,159,2369,180,345.0,810,0.0,644.0,90,0.0,123115.0,3190,163502.0,2098.0,1270,0.0,297.09030387743184
2018,Castilla y León,Salamanca,192232,500,683,14,51,618,103,0.0,3000,0.0,0.0,90,0.0,126345.0,2710,230129.0,0.0,0,0.0,260.10237629530985
2018,Canarias,"Tenerife, S.C.",662687,2167,3069,29,306,2734,225,0.0,0,14176.0,0.0,0,4454.0,0.0,0,197859.0,0.0,0,0.0,327.00203866983964
2018,Cantabria,Cantabria,352783,628,994,23,62,909,141,0.0,2550,0.0,0.0,30,0.0,198434.0,3200,0.0,0.0,0,0.0,178.01311287675426
2018,Castilla y León,Segovia,91466,357,534,12,40,482,68,6448.0,470,0.0,0.0,20,0.0,70067.0,2510,122935.0,0.0,700,0.0,390.30896726652526
2018,Andalucía,Sevilla,1197215,4454,6515,58,264,6193,437,15677.0,2490,0.0,4145.0,190,1583.0,170785.0,1400,146146.0,0.0,510,0.0,372.0300864924011
2018,Castilla y León,Soria,51148,144,208,15,32,161,38,0.0,1320,0.0,0.0,20,0.0,89896.0,4070,189008.0,0.0,0,0.0,281.53593493391725
2018,Cataluña,Tarragona,479747,2064,2809,65,201,2543,224,2306.0,890,0.0,2255.0,130,81.0,106713.0,2680,108055.0,1059.0,1910,0.0,430.22676535757387
2018,Aragón,Teruel,78784,185,253,10,59,184,81,0.0,1400,0.0,0.0,10,0.0,162821.0,5450,9800.0,0.0,0,0.0,234.81925264013
2018,Castilla-La Mancha,Toledo,416698,709,1169,34,109,1026,300,14631.0,3790,0.0,0.0,100,0.0,19234.0,3610,9560.0,0.0,1400,0.0,170.14720493018925
2018,C. Valenciana,Valencia,1564131,4280,5803,88,305,5410,614,8597.0,3680,0.0,5171.0,30,1534.0,69631.0,3350,185516.0,0.0,880,0.0,273.63436949974135
2018,Castilla y León,Valladolid,311053,887,1204,23,86,1095,140,4073.0,2600,0.0,0.0,160,0.0,104532.0,2690,14350.0,0.0,0,0.0,285.16040674740316
2018,País Vasco,Vizcaya,689563,1924,2640,21,151,2468,119,0.0,0,10437.0,0.0,0,4018.0,0.0,0,106269.0,0.0,220,4999.0,279.01729066089683
2018,Castilla y León,Zamora,98480,241,331,18,50,263,75,0.0,3370,0.0,0.0,170,0.0,114601.0,4200,15710.0,0.0,0,0.0,244.71974004874087
2018,Aragón,Zaragoza,572418,1585,2189,48,202,1939,245,528.0,3300,0.0,941.0,430,315.0,204336.0,4930,101675.0,0.0,1070,0.0,276.8955553459186
2018,Ceuta,Ceuta,52278,406,575,3,16,556,9,0.0,0,0.0,0.0,10,0.0,1983.0,190,0.0,0.0,0,0.0,776.6173151229963
2018,Melilla,Melilla,51939,350,462,3,15,444,12,0.0,0,0.0,53.0,0,0.0,1736.0,100,0.0,0.0,0,0.0,673.8674213981786
2019,País Vasco,Álava,198373,1029,1324,16,109,1199,70,0.0,0,10097.0,0.0,0,1061.0,0.0,0,127366.0,0.0,0,6944.0,518.7197854546737
2019,Castilla-La Mancha,Albacete,237648,702,917,28,103,786,160,0.0,27918,0.0,397.0,0,0.0,161262.0,4205,14040.0,0.0,0,0.0,295.3948697232882
2019,C. Valenciana,Alicante,1126713,2853,3927,80,328,3519,419,1563.0,23306,0.0,5484.0,6187,888.0,8834.0,20822,9720.0,0.0,15946,0.0,253.21443881449846
2019,Andalucía,Almería,451518,1092,1647,35,109,1503,193,11742.0,2035,0.0,241.0,112,0.0,69732.0,13392,12260.0,0.0,2819,0.0,241.85082322299442
2019,Castilla y León,Ávila,91054,336,448,11,36,401,66,0.0,8697,0.0,0.0,324,0.0,98637.0,34516,10650.0,0.0,374,0.0,369.0117951984536
2019,Extremadura,Badajoz,411619,881,1273,34,100,1139,261,170.0,24128,0.0,210.0,1801,0.0,205151.0,62034,192112.0,0.0,0,0.0,214.032879920509
2019,Islas Baleares,Baleares,740355,3356,4462,49,287,4126,194,0.0,0,9352.0,0.0,0,9923.0,0.0,0,193956.0,0.0,0,0.0,453.2960539200789
2019,Cataluña,Barcelona,3456615,20591,26740,171,1007,25562,758,28878.0,14546,0.0,5432.0,292,0.0,15284.0,4344,15695.0,15945.0,11892,0.0,595.698392791792
2019,Castilla y León,Burgos,210542,638,871,14,83,774,136,4675.0,28355,0.0,582.0,1913,0.0,176676.0,66914,228944.0,0.0,49,0.0,303.02742445687795
2019,Extremadura,Cáceres,236988,531,750,16,69,665,144,1071.0,33755,0.0,127.0,2098,0.0,153308.0,45082,188015.0,0.0,0,0.0,224.06197782166186
2019,Andalucía,Cádiz,770368,2765,3947,36,226,3685,263,15539.0,11981,0.0,646.0,3186,0.0,87179.0,12239,80668.0,0.0,4786,0.0,358.9193735980726
2019,C. Valenciana,Castellón,352780,878,1188,25,152,1011,174,4604.0,7254,0.0,4601.0,222,0.0,87844.0,27547,77488.0,0.0,11988,0.0,248.88032201371962
2019,Castilla-La Mancha,Ciudad Real,300513,463,667,22,35,610,219,8096.0,25981,0.0,382.0,548,0.0,172013.0,45761,17270.0,0.0,0,0.0,154.06987384905145
2019,Andalucía,Córdoba,476562,1142,1610,38,156,1416,232,997.0,17771,0.0,1744.0,7,0.0,161915.0,44543,180719.0,0.0,0,0.0,239.6330383035156
2019,Galicia,"Coruña, A",663929,1816,2579,53,270,2256,263,12686.0,9557,0.0,255.0,5533,0.0,156595.0,27907,210315.0,3253.0,14632,0.0,273.5232231157247
2019,Castilla-La Mancha,Cuenca,116521,271,394,8,61,325,154,0.0,34621,0.0,0.0,0,0.0,171881.0,58548,15572.0,0.0,4983,0.0,232.57610216184204
2019,Cataluña,Gerona,469128,2520,3430,42,236,3152,256,9022.0,3573,0.0,2238.0,627,259.0,112565.0,27334,78483.0,0.0,9262,0.0,537.166828669361
2019,Andalucía,Granada,565225,1783,2513,25,131,2357,273,23569.0,18914,0.0,1181.0,143,407.0,138894.0,19138,126063.0,0.0,0,0.0,315.44959971692685
2019,Castilla-La Mancha,Guadalajara,160048,312,449,6,30,413,89,926.0,9967,0.0,0.0,57,0.0,146181.0,29062,15680.0,0.0,2402,0.0,194.94151754473657
2019,País Vasco,Guipúzcoa,424225,1799,2266,23,173,2070,122,0.0,0,4504.0,0.0,0,7838.0,0.0,0,118307.0,0.0,0,1072.0,424.06741705462906
2019,Andalucía,Huelva,327297,752,1147,22,81,1044,135,3329.0,13719,0.0,642.0,1136,0.0,7302.0,33245,83278.0,0.0,0,0.0,229.76073718976954
2019,Aragón,Huesca,130956,441,621,29,73,519,116,0.0,18808,0.0,0.0,0,0.0,20760.0,66485,13860.0,0.0,4972,0.0,336.7543296985247
2019,Andalucía,Jaén,388229,835,1224,24,56,1144,245,7339.0,21714,0.0,57.0,0,0.0,140056.0,24905,90588.0,0.0,0,0.0,215.07924446653908
2019,Castilla y León,León,268912,745,1099,35,105,959,164,6814.0,25206,0.0,579.0,1568,0.0,170533.0,57909,331032.0,0.0,9368,0.0,277.04230380198726
2019,Cataluña,Lérida,263786,1352,1977,39,181,1757,187,2821.0,13486,0.0,0.0,1001,0.0,152467.0,30368,8059.0,0.0,6047,0.0,512.5366774582427
2019,La Rioja,"Rioja, La",189462,594,773,18,59,696,84,0.0,6219,0.0,30.0,115,0.0,14420.0,25079,0.0,0.0,1191,0.0,313.51933369224435
2019,Galicia,Lugo,188881,453,655,22,70,563,122,1616.0,2348,0.0,241.0,1453,0.0,147132.0,51385,42170.0,0.0,0,0.0,239.8335459892737
2019,Madrid,Madrid,4137095,16628,21291,159,864,20268,732,12444.0,4838,0.0,20239.0,72,0.0,223083.0,9814,0.0,0.0,15837,0.0,401.9245388370342
2019,Andalucía,Málaga,1027956,5006,6818,56,279,6483,308,971.0,21874,0.0,1136.0,2329,0.0,117591.0,3563,8596.0,0.0,12209,0.0,486.98582429598156
2019,Murcia,Murcia,918840,2682,3843,54,259,3530,417,1700.0,3135,0.0,900.0,113,0.0,25660.0,13811,0.0,0.0,11464,0.0,291.88977406294896
2019,Navarra,Navarra,390437,789,1014,31,122,861,235,23554.0,0,0.0,256.0,0,0.0,346038.0,0,0.0,14479.0,3903,0.0,202.08125766769032
2019,Galicia,Orense,170100,390,525,15,82,428,87,4797.0,16674,0.0,207.0,936,0.0,98297.0,32157,185516.0,0.0,0,0.0,229.2768959435626
2019,Asturias,Asturias,609779,1981,2751,31,192,2528,215,7445.0,35768,0.0,702.0,537,0.0,411121.0,4660,0.0,0.0,2186,0.0,324.8717978152741
2019,Castilla y León,Palencia,95617,163,232,12,60,160,67,6205.0,19333,0.0,0.0,0,0.0,146806.0,24711,10350.0,0.0,0,0.0,170.47177803110324
2019,Canarias,"Palmas, Las",742203,2158,3129,32,99,2998,229,0.0,0,13451.0,0.0,0,7606.0,0.0,0,175731.0,0.0,0,0.0,290.7560330529518
2019,Galicia,Pontevedra,568152,1868,2866,37,212,2617,184,3834.0,8129,0.0,764.0,914,0.0,122078.0,31942,163005.0,2098.0,12671,0.0,328.785254650164
2019,Castilla y León,Salamanca,190842,388,555,13,44,498,103,0.0,30227,0.0,0.0,864,0.0,126345.0,27074,230129.0,0.0,0,0.0,203.30954402070822
2019,Canarias,"Tenerife, S.C.",672038,2242,3091,42,339,2710,227,0.0,0,14176.0,0.0,0,4454.0,0.0,0,197859.0,0.0,0,0.0,333.61208741172373
2019,Cantabria,Cantabria,351242,920,1350,18,77,1255,142,0.0,25491,0.0,0.0,295,0.0,198434.0,32045,0.0,0.0,0,0.0,261.9276737975527
2019,Castilla y León,Segovia,91320,325,450,9,32,409,72,6448.0,5417,0.0,0.0,0,0.0,70067.0,2447,122935.0,0.0,6947,0.0,355.8913710030661
2019,Andalucía,Sevilla,1195328,4589,6669,68,310,6291,446,15677.0,25712,0.0,4734.0,1977,1583.0,170167.0,14019,146146.0,0.0,5306,0.0,383.9113615677036
2019,Castilla y León,Soria,51127,123,181,8,31,142,37,0.0,14536,0.0,0.0,174,0.0,8988.0,4058,189008.0,0.0,0,0.0,240.57738572574178
2019,Cataluña,Tarragona,484098,2113,2839,52,215,2572,228,2306.0,8937,0.0,2255.0,113,81.0,106675.0,26247,10776.0,1059.0,19113,0.0,436.4818693735566
2019,Aragón,Teruel,78427,185,260,7,51,202,85,0.0,14012,0.0,0.0,134,0.0,162821.0,53735,9800.0,0.0,0,0.0,235.8881507644051
2019,Castilla-La Mancha,Toledo,421104,777,1156,29,89,1038,302,14631.0,38019,0.0,0.0,1013,0.0,19234.0,37394,9560.0,0.0,14027,0.0,184.5149891713211
2019,C. Valenciana,Valencia,1570832,4404,5844,72,423,5349,606,8597.0,36845,0.0,5557.0,567,1534.0,69694.0,33714,185516.0,0.0,8778,0.0,280.3609806777555
2019,Castilla y León,Valladolid,308856,895,1184,18,80,1086,141,3981.0,26049,0.0,0.0,1645,0.0,106319.0,26869,14350.0,0.0,0,0.0,289.77905561167665
2019,País Vasco,Vizcaya,688423,2024,2709,26,147,2536,117,0.0,0,10436.0,0.0,0,4041.0,0.0,0,105603.0,0.0,0,7234.0,294.0052845416263
2019,Castilla y León,Zamora,96907,206,321,16,44,261,80,0.0,33679,0.0,0.0,1673,0.0,114853.0,41945,15710.0,0.0,0,0.0,212.57494298657477
2019,Aragón,Zaragoza,578041,1609,2201,27,201,1973,243,528.0,32975,0.0,941.0,4216,315.0,204336.0,49005,101675.0,0.0,10746,0.0,278.3539575912435
2019,Ceuta,Ceuta,52023,309,460,2,18,440,9,0.0,0,0.0,0.0,137,0.0,2102.0,1883,0.0,0.0,0,0.0,593.9680525921227
2019,Melilla,Melilla,52007,376,476,0,17,459,13,0.0,0,0.0,53.0,0,0.0,1736.0,981,0.0,0.0,0,0.0,722.9795989001481
2020,País Vasco,Álava,198978,849,1034,5,101,928,72,0.0,0,10097.0,0.0,0,1061.0,0.0,0,127366.0,0.0,0,6944.0,426.68033651961525
2020,Castilla-La Mancha,Albacete,238018,557,704,10,51,643,159,0.0,27918,0.0,397.0,0,0.0,161262.0,4205,14044.0,0.0,0,0.0,234.01591476274902
2020,C. Valenciana,Alicante,1139374,1882,2517,61,258,2198,425,1563.0,30842,0.0,3487.0,6154,595.0,88432.0,20661,9251.0,0.0,841,0.0,165.17842253728801
2020,Andalucía,Almería,457956,861,1242,38,92,1112,203,11742.0,2035,0.0,241.0,112,0.0,69742.0,1312,12260.0,0.0,2819,0.0,188.0093284070959
2020,Castilla y León,Ávila,90838,235,309,10,32,267,70,0.0,8697,0.0,0.0,324,0.0,98713.0,34516,10650.0,0.0,374,0.0,258.70230520266847
2020,Extremadura,Badajoz,410587,651,899,25,73,801,259,170.0,24128,0.0,210.0,1801,0.0,205151.0,6230,192112.0,0.0,0,0.0,158.55348561936935
2020,Islas Baleares,Baleares,756163,2092,2727,37,197,2493,197,0.0,0,9352.0,0.0,0,9733.0,0.0,0,194159.0,0.0,0,0.0,276.65992649732925
2020,Cataluña,Barcelona,3511690,13403,17015,115,682,16218,770,28873.0,14546,0.0,5734.0,292,0.0,15256.0,4344,15637.0,15928.0,11892,0.0,381.66808573649723
2020,Castilla y León,Burgos,210180,375,539,19,74,446,137,4675.0,28493,0.0,582.0,192,0.0,176719.0,67005,23000.0,0.0,49,0.0,178.4184984299172
2020,Extremadura,Cáceres,234854,378,489,15,71,403,143,1071.0,33755,0.0,127.0,2091,0.0,153308.0,44973,186915.0,0.0,0,0.0,160.95105895577677
2020,Andalucía,Cádiz,771181,2125,3032,22,203,2807,274,15539.0,16399,0.0,646.0,3186,0.0,87179.0,12128,80668.0,0.0,366,0.0,275.5513945493989
2020,C. Valenciana,Castellón,356029,688,855,17,127,711,177,4597.0,19242,0.0,3144.0,222,0.0,87846.0,27547,7240.0,0.0,0,0.0,193.2426852868727
2020,Castilla-La Mancha,Ciudad Real,300216,351,469,29,43,397,219,8096.0,25981,0.0,382.0,548,0.0,172013.0,45782,17270.0,0.0,0,0.0,116.9158206091614
2020,Andalucía,Córdoba,474852,809,1089,14,121,954,242,997.0,18063,0.0,1744.0,148,0.0,161383.0,44012,180719.0,0.0,0,0.0,170.36887282774424
2020,Galicia,"Coruña, A",662543,1227,1676,33,196,1447,267,12686.0,9574,0.0,255.0,5314,0.0,156794.0,27787,206125.0,3253.0,14632,0.0,185.19552693183687
2020,Castilla-La Mancha,Cuenca,116995,166,243,18,34,191,157,0.0,34621,0.0,0.0,0,0.0,171881.0,58442,15572.0,0.0,4983,0.0,141.88640540194027
2020,Cataluña,Gerona,475416,1843,2373,28,179,2166,254,9022.0,3573,0.0,2238.0,627,259.0,112565.0,27334,78354.0,0.0,9262,0.0,387.66049102259916
2020,Andalucía,Granada,567334,1126,1510,35,108,1367,277,23569.0,20695,0.0,1181.0,143,407.0,13886.0,19138,126063.0,0.0,0,0.0,198.47215220663668
2020,Castilla-La Mancha,Guadalajara,162873,277,359,12,22,325,89,926.0,9967,0.0,0.0,57,0.0,146181.0,29045,160907.0,0.0,2402,0.0,170.07115973795533
2020,País Vasco,Guipúzcoa,425666,1549,1912,20,176,1716,122,0.0,0,4504.0,0.0,0,7838.0,0.0,0,118307.0,0.0,0,1072.0,363.9003350044401
2020,Andalucía,Huelva,328454,509,772,23,70,679,135,3329.0,13689,0.0,642.0,1136,0.0,7302.0,33229,83278.0,0.0,0,0.0,154.96842784682178
2020,Aragón,Huesca,132361,340,448,20,54,374,116,0.0,18808,0.0,0.0,0,0.0,20760.0,65881,171119.0,0.0,4972,0.0,256.87324816222304
2020,Andalucía,Jaén,386915,617,849,21,55,773,252,7339.0,21714,0.0,57.0,0,0.0,140056.0,24698,90716.0,0.0,0,0.0,159.4665495005363
2020,Castilla y León,León,265480,471,647,25,87,535,165,6814.0,25103,0.0,579.0,1577,0.0,17336.0,56818,331032.0,0.0,9368,0.0,177.41449450052735
2020,Cataluña,Lérida,265739,995,1335,21,103,1211,185,2821.0,1349,0.0,0.0,1006,0.0,152456.0,30264,8050.0,0.0,6047,0.0,374.4275398040935
2020,La Rioja,"Rioja, La",191117,461,580,16,61,503,84,0.0,6219,0.0,30.0,115,0.0,14420.0,25079,0.0,0.0,1191,0.0,241.21349749106568
2020,Galicia,Lugo,187237,381,515,16,64,435,127,1616.0,24309,0.0,241.0,1453,0.0,147133.0,5117,42170.0,0.0,0,0.0,203.48542221889903
2020,Madrid,Madrid,4215657,10766,13427,105,638,12684,748,12444.0,4838,0.0,20474.0,72,0.0,223083.0,9855,0.0,0.0,15837,0.0,255.38130829903858
2020,Andalucía,Málaga,1042378,3544,4731,51,252,4428,313,971.0,21874,0.0,1136.0,2329,0.0,117294.0,3563,8596.0,0.0,12209,0.0,339.99182638160056
2020,Murcia,Murcia,930276,2048,2828,39,200,2589,423,1700.0,3135,0.0,900.0,113,0.0,25660.0,13516,0.0,0.0,11464,0.0,220.1497190081223
2020,Navarra,Navarra,394319,576,725,20,97,608,234,23681.0,0,0.0,256.0,0,0.0,345414.0,0,0.0,1449.0,3903,0.0,146.07462485956802
2020,Galicia,Orense,169042,352,454,16,68,370,87,4797.0,16724,0.0,207.0,936,0.0,98832.0,32181,18517.0,0.0,0,0.0,208.2322736361378
2020,Asturias,Asturias,603360,1552,2044,22,147,1875,218,7445.0,35768,0.0,702.0,537,0.0,42020.0,4660,0.0,0.0,2186,0.0,257.2261999469637
2020,Castilla y León,Palencia,94654,121,166,10,27,129,65,6205.0,19333,0.0,0.0,0,0.0,14690.0,24711,10350.0,0.0,0,0.0,127.83400595854374
2020,Canarias,"Palmas, Las",749594,1790,2462,22,93,2347,229,,0,1440.0,,0,7606.0,,0,175731.0,,0,0.0,238.79593486607416
2020,Galicia,Pontevedra,567844,1491,2155,38,133,1984,188,3834.0,8129,0.0,764.0,924,0.0,121849.0,31975,162809.0,2098.0,12671,0.0,262.572114876621
2020,Castilla y León,Salamanca,189814,266,380,20,40,320,108,0.0,30227,0.0,0.0,864,0.0,12600.0,27074,230129.0,0.0,0,0.0,140.1371869303634
2020,Canarias,"Tenerife, S.C.",680261,1669,2253,28,264,1961,226,,0,13827.0,,0,3359.0,,0,197904.0,,0,0.0,245.34700651661643
2020,Cantabria,Cantabria,350739,830,1112,16,81,1015,144,0.0,25491,0.0,0.0,295,0.0,199008.0,32393,0.0,0.0,0,0.0,236.6432019250782
2020,Castilla y León,Segovia,91432,227,288,11,19,258,73,6448.0,6257,0.0,0.0,0,0.0,70304.0,23598,122935.0,0.0,6947,0.0,248.2719398022574
2020,Andalucía,Sevilla,1199185,3201,4485,50,238,4197,436,15677.0,30766,0.0,4734.0,1977,1583.0,170167.0,14019,14501.0,0.0,0,0.0,266.93129083502544
2020,Castilla y León,Soria,51359,105,147,6,20,121,36,0.0,15847,0.0,0.0,174,0.0,8988.0,40343,189158.0,0.0,0,0.0,204.44323292899006
2020,Cataluña,Tarragona,490988,1538,2011,40,182,1789,225,2306.0,17754,0.0,2255.0,113,81.0,106675.0,2643,10776.0,1059.0,10428,0.0,313.2459449110773
2020,Aragón,Teruel,78557,170,250,10,41,199,84,0.0,14012,0.0,0.0,134,0.0,162821.0,53735,9750.0,0.0,0,0.0,216.40337589266392
2020,Castilla-La Mancha,Toledo,426484,595,832,27,67,738,306,14631.0,38019,0.0,0.0,1013,0.0,19234.0,37353,9596.0,0.0,14027,0.0,139.51285394059332
2020,C. Valenciana,Valencia,1586773,3114,3994,51,302,3641,612,5605.0,46622,0.0,12081.0,583,1534.0,68864.0,33443,185516.0,0.0,0,0.0,196.24735233079969
2020,Castilla y León,Valladolid,308055,616,805,13,80,712,146,3981.0,25241,0.0,0.0,2439,0.0,10600.0,26909,14350.0,0.0,0,0.0,199.96429209069808
2020,País Vasco,Vizcaya,691261,1408,1882,17,129,1736,117,0.0,0,10448.0,0.0,0,4028.0,0.0,0,105131.0,0.0,0,7234.0,203.68572796671592
2020,Castilla y León,Zamora,95395,179,244,12,45,187,78,0.0,33679,0.0,0.0,1673,0.0,11390.0,4212,15710.0,0.0,0,0.0,187.64086168038156
2020,Aragón,Zaragoza,582445,1169,1543,38,160,1345,238,528.0,32975,0.0,941.0,4076,315.0,204336.0,49002,101675.0,0.0,10746,0.0,200.7056460266635
2020,Ceuta,Ceuta,51695,172,248,2,8,238,9,0.0,0,0.0,0.0,104,0.0,2102.0,1555,0.0,0.0,0,0.0,332.7207660315311
2020,Melilla,Melilla,52147,242,327,1,16,310,13,0.0,0,0.0,53.0,0,0.0,1736.0,981,0.0,0.0,0,0.0,464.07271751011564
2021,País Vasco,Álava,198216,877,1140,13,106,1021,71,0.0,0,10097.0,0.0,0,1061.0,0.0,0,127366.0,0.0,0,6944.0,442.4466238850547
2021,Castilla-La Mancha,Albacete,237644,732,1002,11,78,913,161,0.0,29703,0.0,397.0,0,0.0,161262.0,41393,14040.0,0.0,0,0.0,308.023766642541
2021,C. Valenciana,Alicante,1139937,2404,3303,66,309,2928,446,1563.0,32035,0.0,5684.0,6154,591.0,94704.0,18919,92583.0,0.0,8052,0.0,210.88884736612636
2021,Andalucía,Almería,459604,696,1082,34,80,968,207,11742.0,2035,0.0,628.0,112,0.0,69141.0,12634,12260.0,0.0,2819,0.0,151.43471336193767
2021,Castilla y León,Ávila,91627,292,387,9,38,340,70,0.0,8697,0.0,0.0,324,0.0,98681.0,34516,10650.0,0.0,374,0.0,318.6833575256202
2021,Extremadura,Badajoz,409336,777,1105,28,90,987,263,170.0,24128,0.0,210.0,1801,0.0,204115.0,6230,191322.0,0.0,0,0.0,189.8196102956984
2021,Islas Baleares,Baleares,755255,2748,3556,47,275,3234,201,,0,946.0,,0,1116.0,,0,191751.0,,0,0.0,363.8506199892751
2021,Cataluña,Barcelona,3497821,16683,21228,117,831,20280,758,28888.0,26052,0.0,5734.0,292,125.0,15256.0,4263,156559.0,15928.0,436,0.0,476.9540808406148
2021,Castilla y León,Burgos,209223,552,726,15,65,646,136,4675.0,29428,0.0,582.0,1786,0.0,176583.0,67005,23000.0,0.0,49,0.0,263.8333261639495
2021,Extremadura,Cáceres,233573,497,670,12,64,594,151,1071.0,33755,0.0,127.0,2038,0.0,153308.0,44766,186915.0,0.0,0,0.0,212.7814430606277
2021,Andalucía,Cádiz,771691,2463,3482,41,199,3242,280,15539.0,16399,0.0,646.0,3186,0.0,87179.0,12128,80668.0,0.0,366,0.0,319.1692011439812
2021,C. Valenciana,Castellón,356622,811,1100,27,148,925,174,4597.0,19242,0.0,4601.0,222,0.0,94707.0,26894,72323.0,0.0,0,0.0,227.41165716080332
2021,Castilla-La Mancha,Ciudad Real,299845,385,576,24,59,493,222,8096.0,25981,0.0,382.0,548,0.0,172013.0,45782,17270.0,0.0,0,0.0,128.3996731644683
2021,Andalucía,Córdoba,471709,993,1401,30,141,1230,251,997.0,18063,0.0,1744.0,148,0.0,161405.0,43749,180781.0,0.0,0,0.0,210.51114140285642
2021,Galicia,"Coruña, A",659456,1458,2014,42,219,1753,274,12686.0,9575,0.0,255.0,4937,0.0,155952.0,2803,20610.0,3253.0,14632,0.0,221.091323757764
2021,Castilla-La Mancha,Cuenca,117390,286,443,27,55,361,155,0.0,34621,0.0,0.0,0,0.0,171881.0,58533,15572.0,0.0,4983,0.0,243.63233665559247
2021,Cataluña,Gerona,478341,2027,2685,48,205,2432,261,9028.0,12835,0.0,2238.0,627,259.0,111945.0,27334,78845.0,0.0,0,0.0,423.75627428968033
2021,Andalucía,Granada,569580,1416,1977,38,108,1831,281,23569.0,21751,0.0,1181.0,143,407.0,13886.0,19054,126063.0,0.0,0,0.0,248.60423469925206
2021,Castilla-La Mancha,Guadalajara,165773,315,435,6,32,397,90,0.0,9967,0.0,0.0,57,0.0,146181.0,29045,15680.0,926.0,2402,0.0,190.01888124121538
2021,País Vasco,Guipúzcoa,424415,1720,2138,22,175,1941,124,0.0,0,4504.0,0.0,0,7838.0,0.0,0,118307.0,0.0,0,1072.0,405.2637159384093
2021,Andalucía,Huelva,328920,698,1027,31,69,927,141,3329.0,13689,0.0,642.0,1136,0.0,7302.0,33229,83278.0,0.0,0,0.0,212.20965584336616
2021,Aragón,Huesca,133634,392,545,13,71,461,119,0.0,23486,0.0,0.0,0,0.0,20760.0,65701,17120.0,0.0,0,0.0,293.33852163371597
2021,Andalucía,Jaén,385086,658,924,22,65,837,258,7339.0,21714,0.0,57.0,0,0.0,139966.0,24376,90716.0,0.0,0,0.0,170.87092233942548
2021,Castilla y León,León,262359,496,718,30,97,591,168,6814.0,25103,0.0,579.0,1577,0.0,173398.0,5609,331032.0,0.0,9439,0.0,189.05392992045253
2021,Cataluña,Lérida,266574,1140,1559,44,159,1356,186,2832.0,19537,0.0,0.0,1006,0.0,152873.0,30417,8050.0,0.0,0,0.0,427.6486078912422
2021,La Rioja,"Rioja, La",190822,569,731,12,70,649,83,0.0,6219,0.0,30.0,115,0.0,14420.0,25079,0.0,0.0,1191,0.0,298.18364758780433
2021,Galicia,Lugo,185573,412,558,12,61,485,129,1616.0,24309,0.0,24.0,1453,0.0,145727.0,51121,42170.0,0.0,0,0.0,222.01505606957906
2021,Madrid,Madrid,4201225,13476,17026,127,791,16108,767,12444.0,48886,0.0,20474.0,72,0.0,222745.0,9814,0.0,0.0,15331,0.0,320.76358681098964
2021,Andalucía,Málaga,1047935,4475,6137,58,240,5839,320,971.0,24176,0.0,1136.0,2329,0.0,116283.0,3563,8596.0,0.0,9871,0.0,427.03030245196504
2021,Murcia,Murcia,935190,2523,3584,49,238,3297,432,16699.0,32011,0.0,9011.0,113,0.0,25120.0,13516,0.0,0.0,11464,0.0,269.78474962307126
2021,Navarra,Navarra,394345,880,1139,28,114,997,231,23681.0,0,0.0,256.0,0,0.0,345414.0,0,0.0,1449.0,3903,0.0,223.15485171613687
2021,Galicia,Orense,168130,386,508,13,64,431,88,4797.0,16724,0.0,207.0,936,0.0,97368.0,32081,185196.0,0.0,0,0.0,229.5842502825195
2021,Asturias,Asturias,596300,1831,2431,30,160,2241,224,7445.0,35768,0.0,702.0,537,0.0,42020.0,45937,0.0,0.0,2186,0.0,307.0602045950025
2021,Castilla y León,Palencia,93440,151,207,11,32,164,67,6205.0,19414,0.0,0.0,0,0.0,14694.0,24757,10350.0,0.0,0,0.0,161.60102739726028
2021,Canarias,"Palmas, Las",747475,1971,2600,25,112,2463,232,,0,14242.0,,0,7606.0,,0,175229.0,,0,0.0,263.6877487541389
2021,Galicia,Pontevedra,565545,1664,2401,37,143,2221,197,3834.0,8129,0.0,764.0,924,0.0,12088.0,31975,162389.0,2092.0,12671,0.0,294.2294600783315
2021,Castilla y León,Salamanca,188864,415,563,6,53,504,109,0.0,30545,0.0,0.0,844,0.0,126001.0,26858,230129.0,0.0,0,0.0,219.73483564893255
2021,Canarias,"Tenerife, S.C.",679010,1994,2796,35,248,2513,224,,0,14176.0,,0,4454.0,,0,198399.0,,0,0.0,293.6628326534219
2021,Cantabria,Cantabria,350763,974,1318,15,116,1187,147,0.0,25491,0.0,0.0,295,0.0,199008.0,32393,0.0,0.0,0,0.0,277.68037107676696
2021,Castilla y León,Segovia,91987,221,321,7,28,286,74,6448.0,6257,0.0,62.0,0,0.0,7006.0,23536,122935.0,0.0,6947,0.0,240.25133986324155
2021,Andalucía,Sevilla,1197241,4073,5850,48,273,5529,447,15677.0,31604,0.0,4955.0,2029,1583.0,169992.0,13194,14501.0,0.0,0,0.0,340.1988405007847
2021,Castilla y León,Soria,51636,93,143,13,29,101,36,0.0,15847,0.0,0.0,174,0.0,89837.0,40243,188874.0,0.0,0,0.0,180.10690216128282
2021,Cataluña,Tarragona,494173,2045,2661,33,206,2422,229,2341.0,28182,0.0,2231.0,113,81.0,106452.0,2643,10776.0,1059.0,0,0.0,413.8226896248884
2021,Aragón,Teruel,79057,177,236,10,52,174,76,0.0,14012,0.0,0.0,134,0.0,163919.0,53735,97519.0,0.0,0,0.0,223.88909267996507
2021,Castilla-La Mancha,Toledo,431529,681,978,36,87,855,299,14631.0,38019,0.0,0.0,1013,0.0,19234.0,37266,9600.0,0.0,14027,0.0,157.81094665711922
2021,C. Valenciana,Valencia,1584105,4312,5619,47,396,5176,617,4266.0,46752,0.0,11338.0,583,1075.0,99823.0,32804,17500.0,0.0,0,0.0,272.2041783846399
2021,Castilla y León,Valladolid,306606,813,1070,24,107,939,149,3981.0,25994,0.0,0.0,1694,0.0,106034.0,26727,14350.0,0.0,0,0.0,265.1611514451772
2021,País Vasco,Vizcaya,686006,1862,2429,22,160,2247,119,0.0,0,10449.0,0.0,0,3989.0,0.0,0,104777.0,0.0,0,7233.0,271.4261974385064
2021,Castilla y León,Zamora,94384,219,329,9,45,275,84,0.0,33679,0.0,0.0,1673,0.0,11393.0,42139,15710.0,0.0,0,0.0,232.03085268689608
2021,Aragón,Zaragoza,578554,1546,2044,28,202,1814,243,0.0,39636,0.0,941.0,4043,31.0,204336.0,47645,101675.0,528.0,548,0.0,267.21792607085945
2021,Ceuta,Ceuta,51439,244,364,0,8,356,8,0.0,0,0.0,0.0,104,0.0,2102.0,1555,0.0,0.0,0,0.0,474.348257158965
2021,Melilla,Melilla,51789,339,429,1,11,417,13,0.0,0,0.0,53.0,0,0.0,1736.0,981,0.0,0.0,0,0.0,654.5791577361988
2022,País Vasco,Álava,197716,839,1139,11,135,993,77,,0,10097.0,,0,1061.0,,0,127366.0,,0,6944.0,424.3460316818062
2022,Castilla-La Mancha,Albacete,237025,650,849,13,83,753,169,0.0,2781,0.0,397.0,0,0.0,161262.0,4184,140331.0,0.0,0,0.0,274.232675878072
2022,C. Valenciana,Alicante,1148829,3323,4406,65,336,4005,467,1563.0,36045,0.0,5749.0,7378,591.0,88484.0,17893,92583.0,0.0,427,0.0,289.25105476968287
2022,Andalucía,Almería,464984,1205,1719,41,119,1559,224,11742.0,20385,0.0,628.0,86,0.0,68826.0,12608,12260.0,0.0,274,0.0,259.14870189081773
2022,Castilla y León,Ávila,91134,287,393,19,47,327,74,0.0,8889,0.0,0.0,1244,0.0,98683.0,33653,10650.0,0.0,3532,0.0,314.92088572870716
2022,Extremadura,Badajoz,407094,1027,1406,28,108,1270,281,170.0,24142,0.0,1571.0,186,0.0,205095.0,62128,193499.0,0.0,0,0.0,252.2758871415447
2022,Islas Baleares,Baleares,754802,3078,3987,38,322,3627,204,,0,946.0,,0,1161.0,,0,194384.0,,0,0.0,407.78906256210234
2022,Cataluña,Barcelona,3503649,17394,22307,141,930,21236,784,35483.0,26248,0.0,5904.0,292,125.0,154884.0,4231,156559.0,9075.0,485,0.0,496.4538399822585
2022,Castilla y León,Burgos,207692,619,792,33,97,662,139,4675.0,29365,0.0,582.0,1769,0.0,181652.0,66993,23000.0,0.0,3,0.0,298.0374785740423
2022,Extremadura,Cáceres,231702,451,625,13,54,558,162,1071.0,34469,0.0,1645.0,2077,0.0,153467.0,45061,186915.0,0.0,0,0.0,194.64657188975494
2022,Andalucía,Cádiz,771236,2629,3679,40,204,3435,290,15539.0,16563,0.0,646.0,3206,0.0,87025.0,12001,80668.0,0.0,428,0.0,340.88139039152736
2022,C. Valenciana,Castellón,358429,990,1327,32,161,1134,176,428.0,19336,0.0,4918.0,177,0.0,87803.0,26324,72323.0,0.0,0,0.0,276.2053293678804
2022,Castilla-La Mancha,Ciudad Real,298282,414,584,29,48,507,235,809.0,25892,0.0,382.0,338,0.0,172013.0,45646,17270.0,0.0,0,0.0,138.7948317364105
2022,Andalucía,Córdoba,467855,927,1314,36,131,1147,256,968.0,17714,0.0,1773.0,148,0.0,161334.0,43996,188326.0,0.0,0,0.0,198.13831208387217
2022,Galicia,"Coruña, A",656131,1654,2334,62,237,2035,282,12686.0,12355,0.0,214.0,488,0.0,154941.0,27819,20550.0,3253.0,11814,0.0,252.08380643499547
2022,Castilla-La Mancha,Cuenca,117112,288,459,23,63,373,158,0.0,3475,0.0,0.0,0,0.0,171881.0,58243,15450.0,0.0,509,0.0,245.91843705171118
2022,Cataluña,Gerona,482091,2135,2782,51,200,2531,268,9019.0,12835,0.0,2238.0,591,259.0,11142.0,27448,78622.0,0.0,0,0.0,442.86244713135073
2022,Andalucía,Granada,568552,1510,2071,38,128,1905,297,23555.0,21888,0.0,1181.0,143,407.0,139006.0,19014,126063.0,0.0,0,0.0,265.58696478070607
2022,Castilla-La Mancha,Guadalajara,167355,372,521,9,39,473,90,926.0,9974,0.0,0.0,57,0.0,146181.0,29027,16097.0,0.0,231,0.0,222.28197544142688
2022,País Vasco,Guipúzcoa,422052,1736,2185,23,172,1990,135,,0,4504.0,,0,7838.0,,0,118307.0,,0,1072.0,411.3237231431198
2022,Andalucía,Huelva,331016,685,1024,24,65,935,153,3329.0,13719,0.0,642.0,1178,0.0,73129.0,32845,83278.0,0.0,0,0.0,206.93863740725524
2022,Aragón,Huesca,134166,435,596,28,80,488,125,0.0,23381,0.0,0.0,0,0.0,20760.0,65822,170944.0,0.0,0,0.0,324.22521354143373
2022,Andalucía,Jaén,381995,796,1121,22,70,1029,265,7339.0,26663,0.0,785.0,0,0.0,139816.0,24049,90716.0,0.0,0,0.0,208.37969083364965
2022,Castilla y León,León,258422,477,656,21,96,539,173,6814.0,25374,0.0,579.0,1605,0.0,180793.0,5645,33200.0,0.0,9265,0.0,184.5818080503982
2022,Cataluña,Lérida,267382,1341,1799,20,165,1614,190,2673.0,19261,0.0,0.0,1806,0.0,154135.0,29564,8000.0,0.0,0,0.0,501.5296467226664
2022,La Rioja,"Rioja, La",190169,654,817,12,71,734,85,0.0,6223,,30.0,183,,14440.0,24792,,0.0,11943,,343.9046321955734
2022,Galicia,Lugo,183328,449,612,20,69,523,132,2826.0,24375,0.0,0.0,1276,0.0,144574.0,51624,42170.0,0.0,0,0.0,244.91621574445804
2022,Madrid,Madrid,4190203,15086,19092,125,774,18193,793,9536.0,49979,,22245.0,72,,217883.0,9693,,0.0,13936,,360.03028970195476
2022,Andalucía,Málaga,1059748,4961,6649,60,238,6351,327,9716.0,24036,0.0,943.0,2252,0.0,114625.0,3559,8596.0,0.0,9831,0.0,468.13015924540554
2022,Murcia,Murcia,943793,3136,4350,59,288,4003,448,1670.0,36042,,9011.0,1128,,25120.0,13363,,0.0,7382,,332.2762512542475
2022,Navarra,Navarra,394803,788,983,37,145,801,242,23681.0,0,,2633.0,0,,354858.0,0,,1449.0,3966,,199.59321484385885
2022,Galicia,Orense,166930,433,539,14,57,468,91,4797.0,16803,0.0,207.0,944,0.0,97368.0,32217,185199.0,0.0,0,0.0,259.3901635416043
2022,Asturias,Asturias,587377,1762,2324,34,166,2124,238,7445.0,36374,,702.0,174,,42020.0,44814,,0.0,1981,,299.9776974583615
2022,Castilla y León,Palencia,92015,196,274,12,56,206,67,6205.0,19411,0.0,0.0,0,0.0,153148.0,24512,103508.0,0.0,0,0.0,213.00874857360213
2022,Canarias,"Palmas, Las",746744,2068,2783,31,140,2612,237,,0,14242.0,,0,7689.0,,0,177245.0,,0,0.0,276.9356030982505
2022,Galicia,Pontevedra,562605,1957,2714,27,176,2511,207,3897.0,10317,0.0,701.0,881,0.0,120765.0,31846,161684.0,2102.0,10436,0.0,347.8461798242106
2022,Castilla y León,Salamanca,187018,546,689,18,55,616,109,0.0,30537,0.0,0.0,783,0.0,12601.0,27072,230129.0,0.0,0,0.0,291.9505074377867
2022,Canarias,"Tenerife, S.C.",680052,2137,2946,37,274,2635,228,,0,14176.0,,0,4454.0,,0,199859.0,,0,0.0,314.2406757130337
2022,Cantabria,Cantabria,349478,1009,1369,21,113,1235,158,0.0,25336,,0.0,319,,198426.0,32493,,0.0,0,,288.7163140455193
2022,Castilla y León,Segovia,91843,296,423,17,36,370,76,6447.0,6488,0.0,62.0,0,0.0,77127.0,2370,122935.0,0.0,6693,0.0,322.2891238308853
2022,Andalucía,Sevilla,1196864,3983,5731,72,263,5396,465,15685.0,31487,0.0,4898.0,274,129.0,170657.0,13116,14501.0,0.0,0,0.0,332.78634832361905
2022,Castilla y León,Soria,51304,105,140,15,25,100,41,0.0,17506,0.0,0.0,242,0.0,89837.0,40182,188874.0,0.0,0,0.0,204.6624044908779
2022,Cataluña,Tarragona,498113,2189,2809,52,241,2516,236,2324.0,28029,0.0,2228.0,1237,81.0,106603.0,26311,10728.0,1107.0,0,0.0,439.4585164410486
2022,Aragón,Teruel,78748,227,299,7,48,244,83,0.0,14006,0.0,0.0,501,0.0,162821.0,5319,9750.0,0.0,0,0.0,288.2612891755981
2022,Castilla-La Mancha,Toledo,433338,880,1303,23,86,1194,315,14631.0,3804,0.0,0.0,1007,0.0,19234.0,37127,9600.0,0.0,1384,0.0,203.0747361182264
2022,C. Valenciana,Valencia,1593601,4771,6038,78,550,5410,631,4266.0,46469,0.0,11529.0,691,1075.0,67469.0,31937,17500.0,0.0,0,0.0,299.38485229364187
2022,Castilla y León,Valladolid,303867,790,1054,23,110,921,158,3981.0,26211,0.0,0.0,137,0.0,110016.0,26721,14350.0,0.0,0,0.0,259.98216324905303
2022,País Vasco,Vizcaya,680078,1883,2456,21,150,2285,127,,0,10451.0,,0,3962.0,,0,103687.0,,0,7233.0,276.88000494060975
2022,Castilla y León,Zamora,92999,202,290,21,46,223,84,0.0,33487,0.0,0.0,1569,0.0,113691.0,42294,15710.0,0.0,0,0.0,217.2066366305014
2022,Aragón,Zaragoza,576511,1589,2065,45,210,1810,249,0.0,40325,0.0,941.0,3611,315.0,204336.0,47143,101675.0,528.0,5491,0.0,275.62353537053065
2022,Ceuta,Ceuta,51147,257,366,1,10,355,9,0.0,0,,0.0,104,,2102.0,1519,,0.0,0,,502.47326333900327
2022,Melilla,Melilla,51380,300,386,4,15,367,13,0.0,0,,0.0,0,,1736.0,981,,0.0,0,,583.8847800700662
