year,region,province,population,acc with victims,total injuried,mortals,hosp injuries,minor injuries,gas_stations,free_motorways_CCAA,free_motorways_State,free_motorways_provincial,multiple_road_CCAA,multiple_road_State,multiple_road_provincial,single_road_CCAA,single_road_State,single_road_provincial,toll_motorways_CCAA,toll_motorways_State,toll_motorways_provincial
2013,País Vasco,Álava,202969,906,1216,17,86,1113,56,,0.0,92.27,,0.0,11.96,,0.0,1283.98,,60.89,14.23
2013,Castilla-La Mancha,Albacete,246555,481,680,19,87,574,144,0.0,280.9,0.0,0.0,0.0,0.0,1596.85,420.4,1408.79,0.0,0.0,0.0
2013,C. Valenciana,Alicante,1194721,2465,3530,42,341,3147,344,15.49,235.9,0.0,58.4,65.29,16.08,906.9,208.49,996.38,0.0,159.46,0.0
2013,Andalucía,Almería,448850,788,1321,30,121,1170,162,101.57,203.5,0.0,2.32,1.12,0.0,713.76,140.06,1172.88,0.0,28.19,0.0
2013,Castilla y León,Ávila,99333,378,558,19,71,468,55,0.0,86.97,0.0,2.01,3.24,0.0,986.73,346.39,1065.0,0.0,37.4,0.0
2013,Extremadura,Badajoz,426061,755,1134,25,144,965,220,16.88,238.74,0.0,24.26,15.76,0.0,2090.87,572.4,1917.29,0.0,0.0,0.0
2013,Islas Baleares,Baleares,725342,3431,4767,45,374,4348,170,,0.0,93.14,,0.0,93.62,,0.0,1973.58,,0.0,0.0
2013,Cataluña,Barcelona,3463167,18402,24777,141,1158,23478,674,294.05,139.19,0.0,49.4,1.05,0.0,1480.16,49.22,1585.21,157.67,118.93,0.0
2013,Castilla y León,Burgos,227824,836,1167,36,150,981,120,46.75,179.52,0.0,5.9,15.31,0.0,1775.53,663.66,2289.44,0.0,76.29,0.0
2013,Extremadura,Cáceres,248617,506,724,22,65,637,108,100.98,337.0,0.0,12.3,20.18,0.0,1590.85,408.45,1819.8,0.0,0.0,0.0
2013,Andalucía,Cádiz,786918,2318,3576,37,217,3322,190,138.09,116.88,0.0,15.29,35.98,0.0,858.22,113.45,806.68,0.0,47.8,0.0
2013,C. Valenciana,Castellón,379331,689,998,22,116,860,157,46.22,74.63,0.0,44.45,3.66,0.0,873.78,262.93,750.37,0.0,119.88,0.0
2013,Castilla-La Mancha,Ciudad Real,321789,586,937,38,93,806,180,81.58,256.82,0.0,4.07,7.63,0.0,1758.26,466.35,1724.0,0.0,0.0,0.0
2013,Andalucía,Córdoba,491768,1323,1915,36,199,1680,207,9.97,173.62,0.0,17.42,4.56,0.0,1596.96,417.53,1786.94,0.0,0.0,0.0
2013,Galicia,"Coruña, A",703068,1256,1831,73,238,1520,225,102.04,67.74,0.0,2.55,52.55,0.0,1580.53,279.88,2119.0,33.3,146.32,0.0
2013,Castilla-La Mancha,Cuenca,126794,374,599,30,69,500,139,0.0,346.21,0.0,0.0,0.0,0.0,1712.69,584.34,1557.2,0.0,49.83,0.0
2013,Cataluña,Gerona,475742,2265,3141,47,258,2836,217,99.89,26.95,0.0,11.97,6.34,2.59,1159.87,286.77,680.43,0.0,92.62,0.0
2013,Andalucía,Granada,572911,1820,2697,33,219,2445,226,235.59,132.08,0.0,11.72,0.62,0.0,1355.36,182.09,1217.0,0.0,0.0,0.0
2013,Castilla-La Mancha,Guadalajara,163758,281,418,8,52,358,71,9.26,99.67,0.0,0.0,0.69,0.0,1454.59,291.78,1568.0,0.0,24.02,0.0
2013,País Vasco,Guipúzcoa,435982,1765,2267,24,174,2069,120,,0.0,100.1,,0.0,20.92,,0.0,1184.02,,0.0,95.64
2013,Andalucía,Huelva,331489,551,898,26,70,802,120,32.96,125.65,0.0,6.42,22.21,0.0,748.97,304.81,858.37,0.0,0.0,0.0
2013,Aragón,Huesca,137203,422,584,22,111,451,111,0.0,146.55,0.0,0.0,0.57,0.0,2045.06,685.2,1386.0,0.0,49.71,0.0
2013,Andalucía,Jaén,405207,816,1217,24,114,1079,192,45.04,191.84,0.0,0.0,1.87,0.0,1384.96,258.23,1557.64,0.0,0.0,0.0
2013,Castilla y León,León,295321,827,1238,26,132,1080,150,68.4,231.66,0.0,5.3,21.6,0.0,1706.47,588.61,3310.32,0.0,93.68,0.0
2013,Cataluña,Lérida,273926,1195,1759,42,218,1499,183,19.26,127.86,0.0,0.0,10.65,0.0,1543.58,314.77,824.75,0.0,60.47,0.0
2013,La Rioja,"Rioja, La",198717,655,931,16,69,846,74,0.0,45.72,,3.0,1.38,,1433.0,254.63,,0.0,119.1,
2013,Galicia,Lugo,202791,522,741,14,129,598,111,16.16,180.26,0.0,2.41,11.1,0.0,1438.93,506.28,4208.0,0.0,0.0,0.0
2013,Madrid,Madrid,4169259,14114,18730,130,1386,17214,585,122.56,493.61,,204.61,7.05,,2245.78,106.05,,0.0,160.82,
2013,Andalucía,Málaga,1038287,2711,3824,49,356,3419,261,97.24,216.79,0.0,11.14,29.68,0.0,1149.26,33.32,860.0,0.0,122.09,0.0
2013,Murcia,Murcia,919532,863,1365,57,162,1146,359,167.4,286.73,,80.1,12.48,,2719.41,142.84,,0.0,114.64,
2013,Navarra,Navarra,396781,396,601,31,102,468,220,233.78,0.0,,23.99,0.0,,3472.19,0.0,,99.57,39.03,
2013,Galicia,Orense,186540,313,454,14,85,355,95,47.97,168.36,0.0,2.0,8.2,0.0,983.97,345.03,1840.07,0.0,0.0,0.0
2013,Asturias,Asturias,668373,2298,3512,46,237,3229,210,65.7,345.9,,7.02,5.85,,4126.14,468.79,,0.0,21.86,
2013,Castilla y León,Palencia,103626,270,417,15,60,342,57,60.9,193.33,0.0,0.0,0.0,0.0,1472.81,247.01,1034.59,0.0,0.0,0.0
2013,Canarias,"Palmas, Las",737713,698,1095,25,79,991,204,,0.0,98.47,,0.0,76.16,,0.0,1775.76,,0.0,0.0
2013,Galicia,Pontevedra,598275,1694,2711,31,227,2453,168,24.98,80.31,0.0,6.44,6.32,0.0,1229.35,317.3,1686.0,20.98,126.71,0.0
2013,Castilla y León,Salamanca,204996,811,1150,12,87,1051,95,0.0,300.43,0.0,0.0,8.38,0.0,1262.91,264.53,2137.0,0.0,0.0,0.0
2013,Canarias,"Tenerife, S.C.",663674,1653,2310,23,221,2066,207,,0.0,134.06,,0.0,13.0,,0.0,2154.53,,0.0,0.0
2013,Cantabria,Cantabria,374149,815,1269,20,97,1152,130,0.0,226.6,,0.0,2.95,,1994.5,345.33,,0.0,0.0,
2013,Castilla y León,Segovia,97806,309,485,8,54,423,64,64.49,47.04,0.0,6.3,1.86,0.0,703.79,248.69,1233.42,0.0,69.47,0.0
2013,Andalucía,Sevilla,1218610,3617,5492,48,319,5125,360,154.32,232.91,0.0,41.71,21.49,5.6,1678.97,144.28,1520.0,0.0,50.95,0.0
2013,Castilla y León,Soria,54404,119,165,9,26,130,35,0.0,118.69,0.0,0.0,1.85,0.0,905.27,407.52,1881.55,0.0,0.0,0.0
2013,Cataluña,Tarragona,504505,1969,2735,42,233,2460,208,30.39,76.27,0.0,22.55,16.11,6.22,1052.81,284.57,1080.41,10.59,191.13,0.0
2013,Aragón,Teruel,83921,148,217,6,36,175,83,0.0,140.1,0.0,0.0,2.73,0.0,1587.75,530.89,896.0,0.0,0.0,0.0
2013,Castilla-La Mancha,Toledo,437369,884,1348,25,142,1181,266,145.07,382.68,0.0,0.0,12.47,0.0,1935.21,361.54,998.0,0.0,140.27,0.0
2013,C. Valenciana,Valencia,1620455,4378,5958,77,493,5388,519,110.53,292.39,0.0,47.62,49.35,3.5,644.68,385.45,1816.5,0.0,87.78,0.0
2013,Castilla y León,Valladolid,333478,783,1163,22,102,1039,121,40.73,251.62,0.0,0.0,14.29,0.0,1042.7,269.42,1430.17,0.0,0.0,0.0
2013,País Vasco,Vizcaya,719668,1880,2716,22,168,2526,108,,0.0,92.17,,0.0,34.86,,0.0,1106.73,,22.4,54.89
2013,Castilla y León,Zamora,108167,140,212,13,64,135,74,0.0,285.16,0.0,0.0,14.35,0.0,1151.74,423.12,1561.44,0.0,0.0,0.0
2013,Aragón,Zaragoza,607653,1470,2032,40,245,1747,221,5.22,308.17,0.0,8.68,51.51,3.15,2043.36,509.71,1016.75,0.0,107.02,0.0
2013,Ceuta,Ceuta,52354,166,258,1,9,248,9,0.0,0.0,,0.0,1.37,,18.0,17.46,,0.0,0.0,
2013,Melilla,Melilla,51220,407,560,0,21,539,13,0.0,0.0,,0.53,1.02,,16.39,8.89,,0.0,0.0,
2014,País Vasco,Álava,200971,918,1212,5,80,1127,58,,0.0,91.87,,0.0,11.96,,0.0,1283.98,,61.0,14.23
2014,Castilla-La Mancha,Albacete,243938,616,849,23,101,725,150,0.0,281.0,0.0,0.0,0.0,0.0,1612.62,420.0,1408.79,0.0,0.0,0.0
2014,C. Valenciana,Alicante,1148660,2602,3650,67,268,3315,361,15.51,236.0,0.0,58.32,73.0,10.82,907.63,201.0,1010.17,0.0,159.0,0.0
2014,Andalucía,Almería,448508,691,1096,19,94,983,174,101.25,203.0,0.0,2.41,1.0,0.0,703.82,140.0,1169.0,0.0,28.0,0.0
2014,Castilla y León,Ávila,97876,464,660,12,71,577,61,0.0,87.0,0.0,0.0,3.0,0.0,987.57,346.0,1065.0,0.0,37.0,0.0
2014,Extremadura,Badajoz,424081,925,1380,40,147,1193,221,16.88,239.0,0.0,16.6,16.0,0.0,2095.29,572.0,1917.29,0.0,0.0,0.0
2014,Islas Baleares,Baleares,716439,3229,4452,50,340,4062,171,,0.0,93.52,,0.0,93.02,,0.0,1979.06,,0.0,0.0
2014,Cataluña,Barcelona,3423132,18473,24758,159,1172,23427,711,309.75,139.0,0.0,49.4,1.0,0.0,1590.59,49.0,1575.45,157.67,119.0,0.0
2014,Castilla y León,Burgos,223226,747,1048,24,123,901,123,46.75,180.0,0.0,5.88,15.0,0.0,1765.7,664.0,2289.44,0.0,76.0,0.0
2014,Extremadura,Cáceres,247866,472,725,16,61,648,116,107.1,337.0,0.0,10.64,20.0,0.0,1574.07,409.0,1835.0,0.0,0.0,0.0
2014,Andalucía,Cádiz,784751,2709,4217,41,202,3974,212,138.09,117.0,0.0,15.05,36.0,0.0,880.86,114.0,806.68,0.0,48.0,0.0
2014,C. Valenciana,Castellón,366427,672,910,29,92,789,169,46.22,75.0,0.0,45.85,4.0,0.0,876.96,263.0,750.37,0.0,120.0,0.0
2014,Castilla-La Mancha,Ciudad Real,317872,635,992,19,79,894,185,80.96,257.0,0.0,3.82,8.0,0.0,1720.13,461.0,1724.0,0.0,0.0,0.0
2014,Andalucía,Córdoba,489061,1418,1997,37,151,1809,217,9.97,173.0,0.0,17.5,5.0,0.0,1620.37,418.0,1807.1,0.0,0.0,0.0
2014,Galicia,"Coruña, A",694134,1114,1661,55,226,1380,245,102.04,68.0,0.0,2.55,53.0,0.0,1579.44,280.0,2117.0,33.3,146.0,0.0
2014,Castilla-La Mancha,Cuenca,123542,362,562,17,44,501,140,0.0,346.0,0.0,0.0,0.0,0.0,1718.81,584.0,1557.2,0.0,50.0,0.0
2014,Cataluña,Gerona,468558,2329,3249,27,261,2961,221,99.89,27.0,0.0,11.97,6.0,2.59,1190.96,287.0,672.97,0.0,93.0,0.0
2014,Andalucía,Granada,571443,1421,2186,49,181,1956,257,235.61,163.0,0.0,11.81,1.0,4.07,1390.56,182.0,1260.63,0.0,0.0,0.0
2014,Castilla-La Mancha,Guadalajara,161158,222,295,14,24,257,77,9.26,100.0,0.0,0.0,1.0,0.0,1461.81,292.0,1568.0,0.0,24.0,0.0
2014,País Vasco,Guipúzcoa,432564,1902,2443,16,202,2225,118,,0.0,42.64,,0.0,78.38,,0.0,1183.07,,0.0,95.64
2014,Andalucía,Huelva,329178,624,962,19,67,876,126,33.29,126.0,0.0,6.42,22.0,0.0,728.16,302.0,840.01,0.0,0.0,0.0
2014,Aragón,Huesca,135412,387,563,24,108,431,113,0.0,156.0,0.0,0.0,1.0,0.0,2073.02,669.0,1386.0,0.0,50.0,0.0
2014,Andalucía,Jaén,401869,1062,1612,30,119,1463,216,44.96,192.0,0.0,0.0,0.0,0.0,1409.82,258.0,1562.83,0.0,0.0,0.0
2014,Castilla y León,León,290792,609,916,32,100,784,150,67.89,232.0,0.0,5.79,22.0,0.0,1714.92,589.0,3310.32,0.0,94.0,0.0
2014,Cataluña,Lérida,270435,1144,1656,37,194,1425,190,28.38,128.0,0.0,0.0,11.0,0.0,1528.66,315.0,820.03,0.0,60.0,0.0
2014,La Rioja,"Rioja, La",195155,650,953,11,66,876,76,0.0,57.0,,3.0,1.0,,1433.0,255.0,,0.0,119.0,
2014,Galicia,Lugo,200419,546,779,33,100,646,110,16.16,196.0,0.0,2.41,11.0,0.0,1438.93,506.0,4208.0,0.0,0.0,0.0
2014,Madrid,Madrid,4102512,15078,19942,114,1416,18412,616,128.16,494.0,,201.41,7.0,,2243.32,106.0,,0.0,161.0,
2014,Andalucía,Málaga,1016717,2579,3570,40,265,3265,268,97.18,219.0,0.0,11.36,30.0,0.0,1175.2,31.0,859.6,0.0,122.0,0.0
2014,Murcia,Murcia,912621,826,1422,61,173,1188,366,167.4,287.0,,80.1,12.0,,2708.96,142.0,,0.0,115.0,
2014,Navarra,Navarra,390698,457,644,41,92,511,224,233.78,0.0,,25.6,0.0,,3470.58,0.0,,98.88,39.0,
2014,Galicia,Orense,183075,373,513,18,88,407,94,47.97,168.0,0.0,3.07,8.0,0.0,981.1,345.0,1840.07,0.0,0.0,0.0
2014,Asturias,Asturias,658557,2262,3331,38,254,3039,215,74.45,358.0,,7.02,6.0,,4115.62,469.0,,0.0,22.0,
2014,Castilla y León,Palencia,102229,253,411,12,58,341,60,62.3,193.0,0.0,0.0,0.0,0.0,1467.75,247.0,1034.59,0.0,0.0,0.0
2014,Canarias,"Palmas, Las",734032,1239,1835,31,131,1673,210,,0.0,103.52,,0.0,76.06,,0.0,1754.2,,0.0,0.0
2014,Galicia,Pontevedra,591402,1854,2871,33,283,2555,170,24.98,80.0,0.0,6.44,6.0,0.0,1243.1,317.0,1686.0,20.98,127.0,0.0
2014,Castilla y León,Salamanca,202267,664,982,13,103,866,95,0.0,300.0,0.0,0.0,8.0,0.0,1263.45,265.0,2137.0,0.0,0.0,0.0
2014,Canarias,"Tenerife, S.C.",657816,1812,2547,26,231,2290,212,,0.0,135.06,,0.0,13.0,,0.0,2168.03,,0.0,0.0
2014,Cantabria,Cantabria,368900,745,1132,18,56,1058,132,0.0,226.0,,0.0,3.0,,1994.81,345.0,,0.0,0.0,
2014,Castilla y León,Segovia,95928,271,398,19,38,341,63,64.48,47.0,0.0,6.3,2.0,0.0,701.84,249.0,1233.42,0.0,69.0,0.0
2014,Andalucía,Sevilla,1213002,4305,6418,52,266,6100,372,154.32,233.0,0.0,41.45,21.0,10.18,1687.85,144.0,1478.15,0.0,51.0,0.0
2014,Castilla y León,Soria,53746,118,184,14,21,149,38,0.0,119.0,0.0,0.0,2.0,0.0,898.77,407.0,1887.92,0.0,0.0,0.0
2014,Cataluña,Tarragona,494118,1882,2654,49,224,2381,218,14.69,76.0,0.0,22.55,16.0,6.22,1076.32,285.0,1084.41,10.59,191.0,0.0
2014,Aragón,Teruel,82662,195,296,14,53,229,83,0.0,140.0,0.0,0.0,2.0,0.0,1589.37,531.0,861.0,0.0,0.0,0.0
2014,Castilla-La Mancha,Toledo,430368,709,1130,34,117,979,278,145.51,379.0,0.0,0.0,10.0,0.0,1923.4,358.0,956.0,0.0,140.0,0.0
2014,C. Valenciana,Valencia,1596634,3914,5226,71,559,4596,567,110.53,292.0,0.0,48.04,49.0,3.5,641.61,385.0,1818.0,0.0,88.0,0.0
2014,Castilla y León,Valladolid,327804,791,1097,13,105,979,125,40.73,265.0,0.0,0.0,14.0,0.0,1046.92,269.0,1430.17,0.0,0.0,0.0
2014,País Vasco,Vizcaya,709424,1860,2607,15,105,2487,107,,0.0,96.83,,0.0,36.83,,0.0,1100.49,,22.0,50.0
2014,Castilla y León,Zamora,106017,126,184,18,38,128,77,0.0,285.0,0.0,0.0,14.0,0.0,1148.48,423.0,1592.06,0.0,0.0,0.0
2014,Aragón,Zaragoza,589017,1518,2042,39,203,1800,234,5.28,308.0,0.0,9.41,52.0,3.15,2043.36,506.0,1016.75,0.0,107.0,0.0
2014,Ceuta,Ceuta,52818,289,401,0,6,395,9,0.0,0.0,,0.0,0.0,,18.0,19.0,,0.0,0.0,
2014,Melilla,Melilla,51385,507,700,0,16,684,13,0.0,0.0,,0.53,1.0,,17.36,9.0,,0.0,0.0,
2015,País Vasco,Álava,199636,912,1150,10,84,1056,58,,0.0,91.97,,0.0,10.61,,0.0,1279.57,,60.89,14.23
2015,Castilla-La Mancha,Albacete,242197,605,837,22,83,732,151,0.0,280.9,0.0,0.0,0.0,0.0,1612.62,420.4,1408.79,0.0,0.0,0.0
2015,C. Valenciana,Alicante,1134954,2708,3829,62,287,3480,363,15.51,234.98,0.0,57.99,72.82,16.08,905.1,205.24,1010.17,0.0,159.46,0.0
2015,Andalucía,Almería,446289,733,1195,26,111,1058,174,110.42,203.5,0.0,2.41,1.12,0.0,703.64,140.06,1174.0,0.0,28.19,0.0
2015,Castilla y León,Ávila,96264,457,660,16,66,578,63,0.0,86.97,0.0,0.0,3.24,0.0,987.57,346.39,1065.0,0.0,37.4,0.0
2015,Extremadura,Badajoz,421368,880,1329,37,105,1187,252,16.88,238.74,0.0,16.6,15.76,0.0,2095.29,572.4,1917.29,0.0,0.0,0.0
2015,Islas Baleares,Baleares,714558,3460,4777,53,389,4335,178,,0.0,93.52,,0.0,97.12,,0.0,1964.73,,0.0,0.0
2015,Cataluña,Barcelona,3401265,19625,26101,128,1145,24828,735,287.88,139.19,0.0,53.13,1.05,0.0,1580.28,49.22,1569.5,159.45,118.93,0.0
2015,Castilla y León,Burgos,219913,788,1144,32,140,972,130,46.75,198.39,0.0,5.88,15.31,0.0,1765.7,657.95,2289.44,0.0,76.29,0.0
2015,Extremadura,Cáceres,246240,518,755,17,50,688,126,107.1,337.0,0.0,10.64,20.18,0.0,1574.07,408.45,1835.83,0.0,0.0,0.0
2015,Andalucía,Cádiz,782125,3080,4705,32,229,4444,226,138.09,123.9,0.0,23.76,33.96,0.0,873.4,113.45,806.68,0.0,47.8,0.0
2015,C. Valenciana,Castellón,360284,708,956,28,97,831,173,46.04,74.63,0.0,45.83,3.66,0.0,874.68,281.18,774.88,0.0,119.88,0.0
2015,Castilla-La Mancha,Ciudad Real,313796,640,952,27,61,864,198,80.96,256.82,0.0,3.82,7.63,0.0,1720.13,460.6,1724.0,0.0,0.0,0.0
2015,Andalucía,Córdoba,486202,1491,2069,26,118,1925,225,9.97,174.18,0.0,17.44,5.01,0.0,1619.52,417.53,1806.61,0.0,0.0,0.0
2015,Galicia,"Coruña, A",685245,1443,2052,47,234,1771,245,102.04,71.99,0.0,2.55,54.37,0.0,1570.67,280.99,2104.0,33.3,146.32,0.0
2015,Castilla-La Mancha,Cuenca,120909,316,488,16,57,415,143,0.0,346.21,0.0,0.0,0.0,0.0,1718.81,584.36,1557.2,0.0,49.83,0.0
2015,Cataluña,Gerona,464179,2409,3316,41,278,2997,236,90.0,32.98,0.0,21.83,6.34,2.59,1129.92,279.78,777.76,0.0,92.62,0.0
2015,Andalucía,Granada,569004,1251,1874,43,172,1659,266,235.69,184.54,0.0,11.81,2.72,4.07,1388.16,183.16,1260.63,0.0,0.0,0.0
2015,Castilla-La Mancha,Guadalajara,159230,218,314,11,48,255,79,9.26,99.67,0.0,0.0,0.69,0.0,1461.81,291.78,1568.0,0.0,24.02,0.0
2015,País Vasco,Guipúzcoa,429701,1754,2209,38,199,1972,115,,0.0,45.04,,0.0,78.38,,0.0,1183.07,,0.0,107.2
2015,Andalucía,Huelva,328512,721,1157,23,80,1054,131,33.29,136.42,0.0,6.42,11.44,0.0,731.45,299.16,840.01,0.0,0.0,0.0
2015,Aragón,Huesca,133601,482,670,17,111,542,114,0.0,155.96,0.0,0.0,0.57,0.0,2042.53,668.66,1386.0,0.0,49.71,0.0
2015,Andalucía,Jaén,399588,1023,1564,23,92,1449,232,77.22,202.92,0.0,1.87,0.0,0.0,1402.45,257.23,1564.87,0.0,0.0,0.0
2015,Castilla y León,León,286238,810,1234,39,170,1025,151,67.89,231.66,0.0,5.79,21.6,0.0,1715.2,588.61,3310.32,0.0,93.68,0.0
2015,Cataluña,Lérida,267927,1251,1787,51,209,1527,189,28.38,127.86,0.0,0.0,10.65,0.0,1528.66,318.5,815.46,0.0,60.47,0.0
2015,La Rioja,"Rioja, La",192659,707,977,20,71,886,78,0.0,61.95,,3.0,1.38,,1433.0,254.63,,0.0,119.1,
2015,Galicia,Lugo,197617,549,816,22,141,653,112,16.16,238.26,0.0,2.41,11.1,0.0,1459.78,506.28,4208.0,0.0,0.0,0.0
2015,Madrid,Madrid,4056167,15422,20114,111,1314,18689,638,128.16,493.61,,201.41,7.05,,2242.62,104.16,,0.0,160.82,
2015,Andalucía,Málaga,1015969,2514,3589,46,237,3306,288,97.1,218.74,0.0,11.36,29.68,0.0,1174.82,31.37,859.6,0.0,122.09,0.0
2015,Murcia,Murcia,908711,1755,2561,44,219,2298,376,167.84,289.08,,79.68,12.48,,2643.12,142.0,,0.0,114.64,
2015,Navarra,Navarra,387768,450,612,26,112,474,231,235.54,0.0,,25.6,0.0,,3460.38,0.0,,105.07,39.03,
2015,Galicia,Orense,179650,403,561,11,83,467,91,47.97,168.36,0.0,3.07,8.2,0.0,976.89,345.03,1840.07,0.0,0.0,0.0
2015,Asturias,Asturias,646295,2374,3461,36,230,3195,210,74.45,357.84,,7.02,5.85,,4111.21,473.14,,0.0,21.86,
2015,Castilla y León,Palencia,100811,264,391,6,49,336,61,62.3,193.33,0.0,0.0,0.0,0.0,1467.75,247.01,1034.59,0.0,0.0,0.0
2015,Canarias,"Palmas, Las",731131,1472,2138,22,145,1971,209,,0.0,110.82,,0.0,76.06,,0.0,1752.45,,0.0,0.0
2015,Galicia,Pontevedra,584347,2068,3220,43,275,2902,171,27.34,80.31,0.0,6.44,7.49,0.0,1244.11,316.18,1686.0,20.98,126.71,0.0
2015,Castilla y León,Salamanca,199185,643,857,17,88,752,99,0.0,300.43,0.0,0.0,8.38,0.0,1263.45,264.53,2137.0,0.0,0.0,0.0
2015,Canarias,"Tenerife, S.C.",654942,1797,2593,40,202,2351,220,,0.0,135.06,,0.0,13.0,,0.0,2168.03,,0.0,0.0
2015,Cantabria,Cantabria,363611,703,1065,22,57,986,135,0.0,254.91,,0.0,2.95,,1994.81,329.22,,0.0,0.0,
2015,Castilla y León,Segovia,94438,324,480,16,46,418,65,64.48,47.04,0.0,6.3,1.86,0.0,703.3,248.69,1229.35,0.0,69.47,0.0
2015,Andalucía,Sevilla,1208730,5371,8006,43,242,7721,394,156.77,232.91,0.0,41.45,21.49,10.85,1706.41,144.28,1477.47,0.0,50.95,0.0
2015,Castilla y León,Soria,52821,121,172,10,31,131,38,0.0,131.74,0.0,0.0,1.85,0.0,898.77,407.27,1890.73,0.0,0.0,0.0
2015,Cataluña,Tarragona,486379,2001,2762,71,244,2447,217,23.06,85.66,0.0,22.55,16.11,6.22,1076.57,283.52,1083.56,10.59,191.13,0.0
2015,Aragón,Teruel,81766,148,205,16,45,144,82,0.0,140.1,0.0,0.0,2.73,0.0,1628.21,530.89,963.0,0.0,0.0,0.0
2015,Castilla-La Mancha,Toledo,424448,849,1292,31,128,1133,292,145.51,378.68,0.0,0.0,9.54,0.0,1923.4,363.85,956.0,0.0,140.27,0.0
2015,C. Valenciana,Valencia,1583491,4227,5582,64,402,5116,583,86.05,316.45,0.0,48.42,46.54,9.0,671.8,341.47,1818.0,0.0,87.78,0.0
2015,Castilla y León,Valladolid,322517,836,1249,24,104,1121,125,40.73,264.66,0.0,0.0,14.29,0.0,1046.92,268.92,1433.0,0.0,0.0,0.0
2015,País Vasco,Vizcaya,701535,1884,2690,19,108,2563,112,,0.0,96.74,,0.0,39.5,,0.0,1098.43,,22.4,50.0
2015,Castilla y León,Zamora,104469,108,186,21,44,121,81,0.0,336.39,0.0,0.0,13.22,0.0,1148.48,423.12,1592.06,0.0,0.0,0.0
2015,Aragón,Zaragoza,582753,1570,2158,38,229,1891,240,5.28,310.66,0.0,9.41,51.51,3.15,2043.36,508.48,1016.75,0.0,107.02,0.0
2015,Ceuta,Ceuta,52084,319,462,3,15,444,9,0.0,0.0,,0.0,0.0,,18.0,18.83,,0.0,0.0,
2015,Melilla,Melilla,51898,594,821,2,19,800,13,0.0,0.0,,0.53,1.02,,17.36,9.27,,0.0,0.0,
2016,País Vasco,Álava,197815,1006,1284,13,63,1208,59,0.0,0.0,91.97,0.0,0.0,10.61,0.0,0.0,1279.57,0.0,60.89,14.23
2016,Castilla-La Mancha,Albacete,240542,690,952,24,95,833,153,0.0,281.28,0.0,0.0,0.0,0.0,1612.62,418.07,1407.0,0.0,0.0,0.0
2016,C. Valenciana,Alicante,1122022,3028,4208,68,291,3849,382,15.51,231.07,0.0,57.78,61.87,8.88,906.47,207.63,972.19,0.0,159.46,0.0
2016,Andalucía,Almería,447442,713,1175,40,108,1027,182,112.92,203.5,0.0,3.41,1.12,0.0,701.08,136.84,1171.0,0.0,28.19,0.0
2016,Castilla y León,Ávila,94735,442,640,12,60,568,63,0.0,86.97,0.0,0.0,3.24,0.0,987.57,346.39,1065.0,0.0,37.4,0.0
2016,Extremadura,Badajoz,420217,889,1299,38,139,1122,256,17.0,242.12,0.0,20.98,14.97,0.0,2094.0,575.17,1917.29,0.0,0.0,0.0
2016,Islas Baleares,Baleares,714190,3821,5336,60,344,4932,187,0.0,0.0,93.52,0.0,0.0,97.12,0.0,0.0,1964.73,0.0,0.0,0.0
2016,Cataluña,Barcelona,3400438,20910,27756,131,1102,26523,750,287.88,142.73,0.0,54.16,1.05,0.0,1548.35,46.77,1569.5,159.45,118.93,0.0
2016,Castilla y León,Burgos,216550,845,1235,36,149,1050,129,46.75,209.14,0.0,5.88,19.18,0.0,1765.7,661.35,2289.44,0.0,76.29,0.0
2016,Extremadura,Cáceres,244630,419,616,24,55,537,129,107.09,337.0,0.0,10.64,20.98,0.0,1570.48,411.61,1869.15,0.0,0.0,0.0
2016,Andalucía,Cádiz,780083,2757,4194,41,211,3942,235,138.09,120.13,0.0,23.76,33.43,0.0,872.31,125.33,806.68,0.0,47.8,0.0
2016,C. Valenciana,Castellón,356413,786,1152,43,141,968,175,46.04,73.79,0.0,45.83,1.97,0.0,875.78,283.51,774.88,0.0,119.88,0.0
2016,Castilla-La Mancha,Ciudad Real,309114,675,1026,30,77,919,205,80.96,258.47,0.0,3.82,5.98,0.0,1720.13,460.6,1724.0,0.0,0.0,0.0
2016,Andalucía,Córdoba,484384,1359,1961,22,151,1788,231,9.97,176.73,0.0,17.44,0.65,0.0,1619.52,423.69,1806.61,0.0,0.0,0.0
2016,Galicia,"Coruña, A",678109,1978,2794,58,304,2432,248,126.86,77.07,0.0,2.55,56.68,0.0,1577.74,282.11,2103.15,32.53,146.32,0.0
2016,Castilla-La Mancha,Cuenca,119179,294,459,15,74,370,148,0.0,346.21,0.0,0.0,0.0,0.0,1718.81,582.75,1557.2,0.0,49.83,0.0
2016,Cataluña,Gerona,462002,2701,3713,55,273,3385,243,90.0,32.98,0.0,21.83,7.56,2.59,1127.3,275.34,777.26,0.0,92.62,0.0
2016,Andalucía,Granada,567730,1931,2814,27,196,2591,264,235.69,185.86,0.0,11.81,1.96,4.07,1384.28,196.66,1260.63,0.0,0.0,0.0
2016,Castilla-La Mancha,Guadalajara,158003,254,387,7,40,340,83,9.26,99.67,0.0,0.0,0.69,0.0,1461.81,291.78,1568.0,0.0,24.02,0.0
2016,País Vasco,Guipúzcoa,427135,1938,2452,17,203,2232,116,0.0,0.0,45.04,0.0,0.0,78.38,0.0,0.0,1183.07,0.0,0.0,107.2
2016,Andalucía,Huelva,327251,644,1006,19,92,895,136,33.29,136.42,0.0,6.42,11.78,0.0,731.81,315.58,840.01,0.0,0.0,0.0
2016,Aragón,Huesca,132236,463,646,21,104,521,118,0.0,156.53,0.0,0.0,0.0,0.0,2042.53,685.07,1386.0,0.0,49.71,0.0
2016,Andalucía,Jaén,397644,925,1400,31,114,1255,230,73.39,201.97,0.0,5.7,0.0,0.0,1399.36,258.31,909.33,0.0,0.0,0.0
2016,Castilla y León,León,281158,899,1284,25,189,1070,155,67.89,231.66,0.0,5.79,17.18,0.0,1715.2,588.61,3310.32,0.0,93.68,0.0
2016,Cataluña,Lérida,265869,1316,1911,37,188,1686,187,28.38,127.86,0.0,0.0,10.65,0.0,1519.96,313.12,815.85,0.0,60.47,0.0
2016,La Rioja,"Rioja, La",190887,712,983,25,60,898,78,0.0,62.13,0.0,3.0,1.15,0.0,1433.0,260.57,0.0,0.0,119.1,0.0
2016,Galicia,Lugo,195256,611,924,32,114,778,115,16.16,234.8,0.0,2.41,12.33,0.0,1464.09,516.05,4208.0,0.0,0.0,0.0
2016,Madrid,Madrid,4052330,16158,20780,121,1254,19405,667,128.8,481.13,0.0,201.41,7.8,0.0,2238.3,100.42,0.0,0.0,160.82,0.0
2016,Andalucía,Málaga,1014732,2215,3249,57,252,2940,293,97.1,218.74,0.0,11.36,23.49,0.0,1180.42,37.56,859.6,0.0,122.09,0.0
2016,Murcia,Murcia,904882,2304,3280,58,241,2981,398,167.84,290.26,0.0,79.68,11.3,0.0,2643.12,142.0,0.0,0.0,114.64,0.0
2016,Navarra,Navarra,385675,731,970,26,136,808,235,235.54,0.0,0.0,25.6,0.0,0.0,3460.38,0.0,0.0,105.07,39.03,0.0
2016,Galicia,Orense,176647,422,603,15,86,502,91,47.97,166.74,0.0,3.07,9.36,0.0,977.63,346.82,1840.07,0.0,0.0,0.0
2016,Asturias,Asturias,636386,2224,3191,35,232,2924,210,74.45,356.76,0.0,7.02,5.85,0.0,4111.21,466.0,0.0,0.0,21.86,0.0
2016,Castilla y León,Palencia,99473,250,360,13,50,297,64,62.3,193.33,0.0,0.0,0.0,0.0,1468.39,247.01,1035.0,0.0,0.0,0.0
2016,Canarias,"Palmas, Las",729325,1314,1978,40,130,1808,213,0.0,0.0,110.82,0.0,0.0,76.06,0.0,0.0,1751.63,0.0,0.0,0.0
2016,Galicia,Pontevedra,578529,1726,2668,36,260,2372,174,27.34,81.29,0.0,6.44,9.6,0.0,1244.11,318.85,1657.0,20.98,126.71,0.0
2016,Castilla y León,Salamanca,196233,662,913,10,74,829,98,0.0,300.43,0.0,0.0,8.19,0.0,1263.45,264.53,2279.69,0.0,0.0,0.0
2016,Canarias,"Tenerife, S.C.",655071,2257,3277,31,261,2985,221,0.0,0.0,141.76,0.0,0.0,38.53,0.0,0.0,2100.03,0.0,0.0,0.0
2016,Cantabria,Cantabria,359023,710,1089,21,67,1001,134,0.0,254.91,0.0,0.0,2.95,0.0,1987.97,324.68,0.0,0.0,0.0,0.0
2016,Castilla y León,Segovia,93168,312,460,16,38,406,67,64.48,47.04,0.0,6.3,1.86,0.0,696.77,249.99,1229.35,0.0,69.47,0.0
2016,Andalucía,Sevilla,1205416,5033,7492,66,329,7097,414,156.77,234.35,0.0,41.45,20.57,10.85,1706.41,143.98,1473.82,0.0,50.95,0.0
2016,Castilla y León,Soria,52068,143,226,19,41,166,39,0.0,131.74,0.0,0.0,1.85,0.0,898.77,407.27,1889.85,0.0,0.0,0.0
2016,Cataluña,Tarragona,481965,2066,2901,59,237,2605,225,23.06,89.97,0.0,22.55,27.89,6.22,1070.82,259.0,1084.34,10.59,191.13,0.0
2016,Aragón,Teruel,80459,182,278,9,61,208,83,0.0,140.12,0.0,0.0,1.34,0.0,1628.21,544.78,963.0,0.0,0.0,0.0
2016,Castilla-La Mancha,Toledo,419924,906,1392,42,139,1211,292,146.31,378.68,0.0,0.0,9.54,0.0,1923.4,363.85,956.0,0.0,140.27,0.0
2016,C. Valenciana,Valencia,1576345,4402,5924,69,433,5422,602,86.02,363.26,0.0,48.43,3.33,15.34,673.73,335.27,1855.16,0.0,87.78,0.0
2016,Castilla y León,Valladolid,318006,904,1265,24,92,1149,132,40.73,261.84,0.0,0.0,16.45,0.0,1046.92,268.69,1435.0,0.0,0.0,0.0
2016,País Vasco,Vizcaya,695938,1923,2689,26,123,2540,115,0.0,0.0,104.39,0.0,0.0,39.1,0.0,0.0,1093.37,0.0,22.4,50.0
2016,Castilla y León,Zamora,102460,124,224,20,43,161,80,0.0,333.69,0.0,0.0,16.97,0.0,1139.92,421.9,1592.06,0.0,0.0,0.0
2016,Aragón,Zaragoza,575379,1529,2140,43,209,1888,243,5.28,329.75,0.0,9.41,42.4,3.15,2043.36,504.74,1016.75,0.0,107.02,0.0
2016,Ceuta,Ceuta,52044,297,435,2,16,417,9,0.0,0.0,0.0,0.0,1.37,0.0,18.0,18.83,0.0,0.0,0.0,0.0
2016,Melilla,Melilla,52059,562,809,1,14,794,13,0.0,0.0,0.0,0.53,1.02,0.0,17.36,9.27,0.0,0.0,0.0,0.0
2017,País Vasco,Álava,197802,998,1314,11,118,1185,60,0.0,0.0,91.97,0.0,0.0,10.61,0.0,0.0,1276.27,0.0,60.89,14.23
2017,Castilla-La Mancha,Albacete,239318,711,959,16,99,844,153,0.0,281.28,0.0,3.97,0.0,0.0,1612.62,418.07,1407.0,0.0,0.0,0.0
2017,C. Valenciana,Alicante,1112362,2954,4163,64,297,3802,398,15.63,231.07,0.0,57.89,61.87,8.88,909.86,207.63,972.19,0.0,159.46,0.0
2017,Andalucía,Almería,447577,1190,1904,22,137,1745,184,117.42,203.5,0.0,2.41,1.12,0.0,696.19,135.98,1171.0,0.0,28.19,0.0
2017,Castilla y León,Ávila,93445,385,530,11,39,480,57,0.0,86.97,0.0,0.0,3.24,0.0,986.37,346.39,1065.0,0.0,37.4,0.0
2017,Extremadura,Badajoz,416901,1013,1458,36,139,1283,261,17.0,242.12,0.0,21.0,14.97,0.0,2094.21,575.17,1921.12,0.0,0.0,0.0
2017,Islas Baleares,Baleares,718442,3783,5085,68,389,4628,187,0.0,0.0,93.52,0.0,0.0,97.11,0.0,0.0,2106.07,0.0,0.0,0.0
2017,Cataluña,Barcelona,3410928,20986,27730,145,1036,26549,753,287.88,142.73,0.0,54.16,1.05,0.0,1544.83,44.04,1569.5,159.45,118.93,0.0
2017,Castilla y León,Burgos,213398,807,1084,31,120,933,129,46.75,211.37,0.0,5.88,19.18,0.0,1767.35,673.39,2289.44,0.0,76.29,0.0
2017,Extremadura,Cáceres,242136,478,741,26,56,659,129,107.1,337.0,0.0,12.7,20.98,0.0,1568.43,411.61,1869.15,0.0,0.0,0.0
2017,Andalucía,Cádiz,776449,2869,4207,34,224,3949,243,155.39,120.13,0.0,6.46,33.43,0.0,872.31,125.33,806.68,0.0,47.8,0.0
2017,C. Valenciana,Castellón,351908,809,1128,39,118,971,173,46.04,72.54,0.0,45.82,2.22,0.0,875.71,282.35,774.88,0.0,119.88,0.0
2017,Castilla-La Mancha,Ciudad Real,305832,563,813,33,63,717,204,80.96,258.47,0.0,3.82,5.98,0.0,1720.13,457.9,1727.0,0.0,0.0,0.0
2017,Andalucía,Córdoba,481826,1170,1641,37,115,1489,226,9.97,176.73,0.0,17.44,0.65,0.0,1619.52,423.69,1808.08,0.0,0.0,0.0
2017,Galicia,"Coruña, A",672080,1876,2700,51,312,2337,250,126.86,77.07,0.0,2.55,55.33,0.0,1571.01,277.99,2103.15,32.53,146.32,0.0
2017,Castilla-La Mancha,Cuenca,117791,282,414,18,64,332,142,0.0,346.21,0.0,0.0,0.0,0.0,1718.81,582.75,1557.2,0.0,49.83,0.0
2017,Cataluña,Gerona,461353,2676,3659,47,225,3387,239,90.0,32.98,0.0,21.83,7.56,2.59,1127.08,275.34,782.81,0.0,92.62,0.0
2017,Andalucía,Granada,565403,1839,2636,33,169,2434,260,235.69,189.88,0.0,11.81,1.96,4.07,1384.28,194.58,1260.62,0.0,0.0,0.0
2017,Castilla-La Mancha,Guadalajara,157912,257,385,12,42,331,80,9.26,99.67,0.0,0.0,0.69,0.0,1461.81,291.78,1568.0,0.0,24.02,0.0
2017,País Vasco,Guipúzcoa,425339,1723,2194,27,186,1981,117,0.0,0.0,45.04,0.0,0.0,78.38,0.0,0.0,1183.07,0.0,0.0,107.2
2017,Andalucía,Huelva,325872,763,1256,22,116,1118,137,33.29,136.42,0.0,6.42,11.78,0.0,729.71,315.58,840.01,0.0,0.0,0.0
2017,Aragón,Huesca,131149,498,706,25,108,573,118,0.0,156.53,0.0,0.0,0.0,0.0,2076.0,685.07,1386.0,0.0,49.71,0.0
2017,Andalucía,Jaén,395205,928,1386,35,81,1270,243,73.39,201.97,0.0,5.7,0.0,0.0,1399.36,253.06,901.76,0.0,0.0,0.0
2017,Castilla y León,León,276680,859,1214,22,167,1025,154,68.14,231.66,0.0,5.79,15.79,0.0,1705.33,583.33,3310.32,0.0,93.68,0.0
2017,Cataluña,Lérida,263797,1391,2035,40,201,1794,191,28.38,133.84,0.0,0.0,9.71,0.0,1519.96,314.06,812.96,0.0,60.47,0.0
2017,La Rioja,"Rioja, La",189708,709,943,26,77,840,81,0.0,62.13,0.0,3.0,1.15,0.0,1442.0,250.78,0.0,0.0,119.1,0.0
2017,Galicia,Lugo,192961,547,802,22,107,673,115,16.16,234.8,0.0,2.41,12.33,0.0,1471.96,516.05,4217.0,0.0,0.0,0.0
2017,Madrid,Madrid,4058324,16248,21065,125,1304,19636,679,128.8,481.13,0.0,201.41,7.2,0.0,2238.3,100.42,0.0,0.0,160.82,0.0
2017,Andalucía,Málaga,1013318,2035,2905,67,222,2616,301,97.1,218.74,0.0,11.36,23.49,0.0,1177.66,37.56,859.6,0.0,122.09,0.0
2017,Murcia,Murcia,905963,2480,3538,85,233,3220,400,167.84,313.5,0.0,79.68,11.3,0.0,2643.12,138.11,0.0,0.0,114.64,0.0
2017,Navarra,Navarra,385790,872,1185,29,124,1032,235,235.54,0.0,0.0,25.6,0.0,0.0,3454.14,0.0,0.0,105.07,39.03,0.0
2017,Galicia,Orense,174010,446,612,13,91,508,86,47.97,166.74,0.0,3.07,9.36,0.0,977.63,346.82,1840.07,0.0,0.0,0.0
2017,Asturias,Asturias,627081,2312,3234,37,219,2978,209,74.45,357.87,0.0,7.02,5.37,0.0,4111.21,466.0,0.0,0.0,21.86,0.0
2017,Castilla y León,Palencia,98368,239,347,13,37,297,66,62.3,193.33,0.0,0.0,0.0,0.0,1468.39,247.01,1035.08,0.0,0.0,0.0
2017,Canarias,"Palmas, Las",730399,1302,2031,30,115,1886,216,0.0,0.0,128.93,0.0,0.0,76.06,0.0,0.0,1757.31,0.0,0.0,0.0
2017,Galicia,Pontevedra,574385,1760,2719,31,181,2507,174,27.34,81.29,0.0,6.44,9.14,0.0,1241.13,318.85,1691.58,20.98,126.71,0.0
2017,Castilla y León,Salamanca,194075,500,687,15,61,611,101,0.0,300.43,0.0,0.0,8.64,0.0,1263.45,264.08,2279.69,0.0,0.0,0.0
2017,Canarias,"Tenerife, S.C.",656368,2216,3169,37,298,2834,223,0.0,0.0,141.76,0.0,0.0,44.54,0.0,0.0,2099.95,0.0,0.0,0.0
2017,Cantabria,Cantabria,355315,714,1039,22,68,949,137,0.0,254.91,0.0,0.0,2.95,0.0,1987.97,320.45,0.0,0.0,0.0,0.0
2017,Castilla y León,Segovia,92043,295,417,10,41,366,67,64.48,47.04,0.0,6.3,1.86,0.0,694.77,249.99,1229.35,0.0,69.47,0.0
2017,Andalucía,Sevilla,1200688,4592,6673,55,308,6310,425,156.77,234.35,0.0,41.45,18.97,9.74,1706.41,142.46,1467.89,0.0,50.95,0.0
2017,Castilla y León,Soria,51457,113,150,11,25,114,36,0.0,131.74,0.0,0.0,1.85,0.0,898.81,407.27,1891.95,0.0,0.0,0.0
2017,Cataluña,Tarragona,479174,1999,2743,51,216,2476,226,23.06,89.37,0.0,22.55,13.05,8.1,1071.39,270.03,1080.39,10.59,191.13,0.0
2017,Aragón,Teruel,79438,214,305,18,64,223,81,0.0,140.12,0.0,0.0,1.34,0.0,1628.21,544.78,963.0,0.0,0.0,0.0
2017,Castilla-La Mancha,Toledo,417360,836,1341,50,107,1184,284,146.31,378.68,0.0,0.0,9.54,0.0,1923.4,363.85,956.0,0.0,140.27,0.0
2017,C. Valenciana,Valencia,1565681,4278,5767,73,449,5245,598,85.99,367.86,0.0,51.72,3.33,15.34,676.36,335.27,1855.16,0.0,87.78,0.0
2017,Castilla y León,Valladolid,313987,932,1297,27,116,1154,136,40.73,261.84,0.0,0.0,16.45,0.0,1045.33,268.69,1435.0,0.0,0.0,0.0
2017,País Vasco,Vizcaya,692628,2002,2756,13,148,2595,118,0.0,0.0,104.39,0.0,0.0,38.6,0.0,0.0,1077.58,0.0,22.4,50.0
2017,Castilla y León,Zamora,100590,215,315,24,52,239,74,0.0,333.69,0.0,0.0,16.97,0.0,1148.48,421.9,1571.0,0.0,0.0,0.0
2017,Aragón,Zaragoza,574321,1694,2358,37,226,2095,239,5.28,329.75,0.0,9.41,42.4,3.15,2043.36,504.74,1016.75,0.0,107.02,0.0
2017,Ceuta,Ceuta,52176,409,630,2,22,606,9,0.0,0.0,0.0,0.0,1.37,0.0,18.0,18.83,0.0,0.0,0.0,0.0
2017,Melilla,Melilla,51919,466,622,2,14,606,11,0.0,0.0,0.0,0.53,0.0,0.0,17.36,9.81,0.0,0.0,0.0,0.0
2018,País Vasco,Álava,197691,1044,1341,15,106,1220,67,0.0,0.0,97.97,0.0,0.0,10.61,0.0,0.0,1276.66,0.0,55.0,14.23
2018,Castilla-La Mancha,Albacete,238133,708,947,11,90,846,162,0.0,279.0,0.0,3.97,0.0,0.0,1612.62,418.0,1404.0,0.0,0.0,0.0
2018,C. Valenciana,Alicante,1115961,3021,4127,60,349,3718,408,15.63,234.0,0.0,57.89,62.0,8.88,913.72,208.0,972.0,0.0,159.0,0.0
2018,Andalucía,Almería,447538,1194,1918,27,111,1780,189,117.42,204.0,0.0,2.41,1.0,0.0,696.19,136.0,1226.0,0.0,28.0,0.0
2018,Castilla y León,Ávila,91799,382,544,16,52,476,66,0.0,87.0,0.0,0.0,3.0,0.0,986.37,345.0,1065.0,0.0,37.0,0.0
2018,Extremadura,Badajoz,414050,951,1404,32,117,1255,255,17.0,242.0,0.0,21.0,15.0,0.0,2094.21,575.0,1921.12,0.0,0.0,0.0
2018,Islas Baleares,Baleares,725987,3450,4695,53,310,4332,193,0.0,0.0,93.52,0.0,0.0,97.11,0.0,0.0,2106.07,0.0,0.0,0.0
2018,Cataluña,Barcelona,3423593,20862,27334,163,1049,26122,757,288.78,143.0,0.0,54.32,1.0,0.0,1530.97,45.0,1569.5,159.45,119.0,0.0
2018,Castilla y León,Burgos,211686,749,1094,32,109,953,133,46.75,288.0,0.0,5.82,19.0,0.0,1767.15,673.0,2289.44,0.0,0.0,0.0
2018,Extremadura,Cáceres,239097,504,715,19,70,626,142,107.1,337.0,0.0,12.7,21.0,0.0,1568.43,417.0,1880.15,0.0,0.0,0.0
2018,Andalucía,Cádiz,772452,2556,3718,36,206,3476,258,155.39,120.0,0.0,6.46,33.0,0.0,871.79,125.0,806.68,0.0,48.0,0.0
2018,C. Valenciana,Castellón,351434,885,1213,35,129,1049,173,46.04,73.0,0.0,46.01,2.0,0.0,877.65,276.0,774.88,0.0,120.0,0.0
2018,Castilla-La Mancha,Ciudad Real,303225,500,759,25,46,688,210,80.96,262.0,0.0,3.82,6.0,0.0,1720.13,461.0,1727.0,0.0,0.0,0.0
2018,Andalucía,Córdoba,479117,1077,1576,34,122,1420,232,9.97,178.0,0.0,17.44,1.0,0.0,1619.52,425.0,1807.19,0.0,0.0,0.0
2018,Galicia,"Coruña, A",666834,1752,2452,64,275,2113,256,126.86,77.0,0.0,2.55,55.0,0.0,1564.88,279.0,2103.15,32.53,146.0,0.0
2018,Castilla-La Mancha,Cuenca,116785,250,392,20,65,307,155,0.0,346.0,0.0,0.0,0.0,0.0,1718.81,583.0,1557.2,0.0,50.0,0.0
2018,Cataluña,Gerona,463853,2550,3522,55,264,3203,243,90.22,36.0,0.0,22.38,8.0,2.59,1127.65,272.0,785.01,0.0,93.0,0.0
2018,Andalucía,Granada,564234,1692,2420,31,137,2252,271,235.69,190.0,0.0,11.81,2.0,4.07,1384.25,191.0,1260.63,0.0,0.0,0.0
2018,Castilla-La Mancha,Guadalajara,158229,327,482,10,29,443,85,9.26,100.0,0.0,0.0,1.0,0.0,1461.81,292.0,1568.0,0.0,24.0,0.0
2018,País Vasco,Guipúzcoa,423999,1784,2219,13,171,2035,119,0.0,0.0,45.04,0.0,0.0,78.38,0.0,0.0,1183.07,0.0,0.0,107.2
2018,Andalucía,Huelva,326205,718,1156,18,128,1010,136,33.29,136.0,0.0,6.42,12.0,0.0,730.2,316.0,840.01,0.0,0.0,0.0
2018,Aragón,Huesca,130476,380,558,27,69,462,119,0.0,161.0,0.0,0.0,0.0,0.0,2076.0,679.0,1386.0,0.0,50.0,0.0
2018,Andalucía,Jaén,391566,855,1335,31,92,1212,242,73.39,202.0,0.0,5.7,0.0,0.0,1399.36,253.0,905.88,0.0,0.0,0.0
2018,Castilla y León,León,272514,819,1173,35,133,1005,156,68.14,252.0,0.0,5.79,16.0,0.0,1705.33,583.0,3310.32,0.0,94.0,0.0
2018,Cataluña,Lérida,263013,1431,2087,43,180,1864,184,28.21,134.0,0.0,0.0,10.0,0.0,1520.75,305.0,812.68,0.0,60.0,0.0
2018,La Rioja,"Rioja, La",189291,602,829,10,68,751,83,0.0,62.0,0.0,3.0,1.0,0.0,1442.0,251.0,0.0,0.0,119.0,0.0
2018,Galicia,Lugo,190844,532,808,26,85,697,117,16.16,235.0,0.0,2.41,12.0,0.0,1471.32,516.0,4217.0,0.0,0.0,0.0
2018,Madrid,Madrid,4089450,16614,21399,114,1185,20100,710,124.44,481.0,0.0,204.74,7.0,0.0,2230.83,100.0,0.0,0.0,161.0,0.0
2018,Andalucía,Málaga,1016507,4265,5836,39,224,5573,306,97.1,219.0,0.0,11.36,24.0,0.0,1170.09,38.0,859.6,0.0,122.0,0.0
2018,Murcia,Murcia,909657,2518,3522,66,285,3171,410,167.84,313.0,0.0,79.68,11.0,0.0,2643.12,138.0,0.0,0.0,115.0,0.0
2018,Navarra,Navarra,387059,825,1102,35,119,948,237,235.54,0.0,0.0,25.6,0.0,0.0,3460.38,0.0,0.0,105.07,39.0,0.0
2018,Galicia,Orense,171804,402,588,19,103,466,88,47.97,167.0,0.0,3.07,9.0,0.0,977.63,344.0,1855.16,0.0,0.0,0.0
2018,Asturias,Asturias,617956,2068,2916,43,204,2669,216,74.45,358.0,0.0,7.02,5.0,0.0,4111.21,466.0,0.0,0.0,22.0,0.0
2018,Castilla y León,Palencia,96947,185,274,11,50,213,66,62.05,193.0,0.0,0.0,0.0,0.0,1468.39,247.0,1035.08,0.0,0.0,0.0
2018,Canarias,"Palmas, Las",734813,1272,1959,39,95,1825,224,0.0,0.0,134.51,0.0,0.0,76.06,0.0,0.0,1757.31,0.0,0.0,0.0
2018,Galicia,Pontevedra,570197,1694,2563,35,159,2369,180,34.5,81.0,0.0,6.44,9.0,0.0,1231.15,319.0,1635.02,20.98,127.0,0.0
2018,Castilla y León,Salamanca,192232,500,683,14,51,618,103,0.0,300.0,0.0,0.0,9.0,0.0,1263.45,271.0,2301.29,0.0,0.0,0.0
2018,Canarias,"Tenerife, S.C.",662687,2167,3069,29,306,2734,225,0.0,0.0,141.76,0.0,0.0,44.54,0.0,0.0,1978.59,0.0,0.0,0.0
2018,Cantabria,Cantabria,352783,628,994,23,62,909,141,0.0,255.0,0.0,0.0,3.0,0.0,1984.34,320.0,0.0,0.0,0.0,0.0
2018,Castilla y León,Segovia,91466,357,534,12,40,482,68,64.48,47.0,0.0,0.0,2.0,0.0,700.67,251.0,1229.35,0.0,70.0,0.0
2018,Andalucía,Sevilla,1197215,4454,6515,58,264,6193,437,156.77,249.0,0.0,41.45,19.0,15.83,1707.85,140.0,1461.46,0.0,51.0,0.0
2018,Castilla y León,Soria,51148,144,208,15,32,161,38,0.0,132.0,0.0,0.0,2.0,0.0,898.96,407.0,1890.08,0.0,0.0,0.0
2018,Cataluña,Tarragona,479747,2064,2809,65,201,2543,224,23.06,89.0,0.0,22.55,13.0,8.1,1067.13,268.0,1080.55,10.59,191.0,0.0
2018,Aragón,Teruel,78784,185,253,10,59,184,81,0.0,140.0,0.0,0.0,1.0,0.0,1628.21,545.0,980.0,0.0,0.0,0.0
2018,Castilla-La Mancha,Toledo,416698,709,1169,34,109,1026,300,146.31,379.0,0.0,0.0,10.0,0.0,1923.4,361.0,956.0,0.0,140.0,0.0
2018,C. Valenciana,Valencia,1564131,4280,5803,88,305,5410,614,85.97,368.0,0.0,51.71,3.0,15.34,696.31,335.0,1855.16,0.0,88.0,0.0
2018,Castilla y León,Valladolid,311053,887,1204,23,86,1095,140,40.73,260.0,0.0,0.0,16.0,0.0,1045.32,269.0,1435.0,0.0,0.0,0.0
2018,País Vasco,Vizcaya,689563,1924,2640,21,151,2468,119,0.0,0.0,104.37,0.0,0.0,40.18,0.0,0.0,1062.69,0.0,22.0,49.99
2018,Castilla y León,Zamora,98480,241,331,18,50,263,75,0.0,337.0,0.0,0.0,17.0,0.0,1146.01,420.0,1571.0,0.0,0.0,0.0
2018,Aragón,Zaragoza,572418,1585,2189,48,202,1939,245,5.28,330.0,0.0,9.41,43.0,3.15,2043.36,493.0,1016.75,0.0,107.0,0.0
2018,Ceuta,Ceuta,52278,406,575,3,16,556,9,0.0,0.0,0.0,0.0,1.0,0.0,19.83,19.0,0.0,0.0,0.0,0.0
2018,Melilla,Melilla,51939,350,462,3,15,444,12,0.0,0.0,0.0,0.53,0.0,0.0,17.36,10.0,0.0,0.0,0.0,0.0
2019,País Vasco,Álava,198373,1029,1324,16,109,1199,70,0.0,0.0,100.97,0.0,0.0,10.61,0.0,0.0,1273.66,0.0,0.0,69.44
2019,Castilla-La Mancha,Albacete,237648,702,917,28,103,786,160,0.0,279.18,0.0,3.97,0.0,0.0,1612.62,420.5,1404.0,0.0,0.0,0.0
2019,C. Valenciana,Alicante,1126713,2853,3927,80,328,3519,419,15.63,233.06,0.0,54.84,61.87,8.88,883.4,208.22,972.0,0.0,159.46,0.0
2019,Andalucía,Almería,451518,1092,1647,35,109,1503,193,117.42,203.5,0.0,2.41,1.12,0.0,697.32,133.92,1226.0,0.0,28.19,0.0
2019,Castilla y León,Ávila,91054,336,448,11,36,401,66,0.0,86.97,0.0,0.0,3.24,0.0,986.37,345.16,1065.0,0.0,37.4,0.0
2019,Extremadura,Badajoz,411619,881,1273,34,100,1139,261,17.0,241.28,0.0,21.0,18.01,0.0,2051.51,620.34,1921.12,0.0,0.0,0.0
2019,Islas Baleares,Baleares,740355,3356,4462,49,287,4126,194,0.0,0.0,93.52,0.0,0.0,99.23,0.0,0.0,1939.56,0.0,0.0,0.0
2019,Cataluña,Barcelona,3456615,20591,26740,171,1007,25562,758,288.78,145.46,0.0,54.32,2.92,0.0,1528.4,43.44,1569.5,159.45,118.92,0.0
2019,Castilla y León,Burgos,210542,638,871,14,83,774,136,46.75,283.55,0.0,5.82,19.13,0.0,1766.76,669.14,2289.44,0.0,0.49,0.0
2019,Extremadura,Cáceres,236988,531,750,16,69,665,144,107.1,337.55,0.0,12.7,20.98,0.0,1533.08,450.82,1880.15,0.0,0.0,0.0
2019,Andalucía,Cádiz,770368,2765,3947,36,226,3685,263,155.39,119.81,0.0,6.46,31.86,0.0,871.79,122.39,806.68,0.0,47.86,0.0
2019,C. Valenciana,Castellón,352780,878,1188,25,152,1011,174,46.04,72.54,0.0,46.01,2.22,0.0,878.44,275.47,774.88,0.0,119.88,0.0
2019,Castilla-La Mancha,Ciudad Real,300513,463,667,22,35,610,219,80.96,259.81,0.0,3.82,5.48,0.0,1720.13,457.61,1727.0,0.0,0.0,0.0
2019,Andalucía,Córdoba,476562,1142,1610,38,156,1416,232,9.97,177.71,0.0,17.44,0.7,0.0,1619.15,445.43,1807.19,0.0,0.0,0.0
2019,Galicia,"Coruña, A",663929,1816,2579,53,270,2256,263,126.86,95.57,0.0,2.55,55.33,0.0,1565.95,279.07,2103.15,32.53,146.32,0.0
2019,Castilla-La Mancha,Cuenca,116521,271,394,8,61,325,154,0.0,346.21,0.0,0.0,0.0,0.0,1718.81,585.48,1557.2,0.0,49.83,0.0
2019,Cataluña,Gerona,469128,2520,3430,42,236,3152,256,90.22,35.73,0.0,22.38,6.27,2.59,1125.65,273.34,784.83,0.0,92.62,0.0
2019,Andalucía,Granada,565225,1783,2513,25,131,2357,273,235.69,189.14,0.0,11.81,1.43,4.07,1388.94,191.38,1260.63,0.0,0.0,0.0
2019,Castilla-La Mancha,Guadalajara,160048,312,449,6,30,413,89,9.26,99.67,0.0,0.0,0.57,0.0,1461.81,290.62,1568.0,0.0,24.02,0.0
2019,País Vasco,Guipúzcoa,424225,1799,2266,23,173,2070,122,0.0,0.0,45.04,0.0,0.0,78.38,0.0,0.0,1183.07,0.0,0.0,107.2
2019,Andalucía,Huelva,327297,752,1147,22,81,1044,135,33.29,137.19,0.0,6.42,11.36,0.0,730.2,332.45,832.78,0.0,0.0,0.0
2019,Aragón,Huesca,130956,441,621,29,73,519,116,0.0,188.08,0.0,0.0,0.0,0.0,2076.0,664.85,1386.0,0.0,49.72,0.0
2019,Andalucía,Jaén,388229,835,1224,24,56,1144,245,73.39,217.14,0.0,5.7,0.0,0.0,1400.56,249.05,905.88,0.0,0.0,0.0
2019,Castilla y León,León,268912,745,1099,35,105,959,164,68.14,252.06,0.0,5.79,15.68,0.0,1705.33,579.09,3310.32,0.0,93.68,0.0
2019,Cataluña,Lérida,263786,1352,1977,39,181,1757,187,28.21,134.86,0.0,0.0,10.01,0.0,1524.67,303.68,805.9,0.0,60.47,0.0
2019,La Rioja,"Rioja, La",189462,594,773,18,59,696,84,0.0,62.19,0.0,3.0,1.15,0.0,1442.0,250.79,0.0,0.0,119.1,0.0
2019,Galicia,Lugo,188881,453,655,22,70,563,122,16.16,234.8,0.0,2.41,14.53,0.0,1471.32,513.85,4217.0,0.0,0.0,0.0
2019,Madrid,Madrid,4137095,16628,21291,159,864,20268,732,124.44,483.8,0.0,202.39,7.2,0.0,2230.83,98.14,0.0,0.0,158.37,0.0
2019,Andalucía,Málaga,1027956,5006,6818,56,279,6483,308,97.1,218.74,0.0,11.36,23.29,0.0,1175.91,35.63,859.6,0.0,122.09,0.0
2019,Murcia,Murcia,918840,2682,3843,54,259,3530,417,170.0,313.5,0.0,90.0,11.3,0.0,2566.0,138.11,0.0,0.0,114.64,0.0
2019,Navarra,Navarra,390437,789,1014,31,122,861,235,235.54,0.0,0.0,25.6,0.0,0.0,3460.38,0.0,0.0,144.79,39.03,0.0
2019,Galicia,Orense,170100,390,525,15,82,428,87,47.97,166.74,0.0,2.07,9.36,0.0,982.97,321.57,1855.16,0.0,0.0,0.0
2019,Asturias,Asturias,609779,1981,2751,31,192,2528,215,74.45,357.68,0.0,7.02,5.37,0.0,4111.21,466.0,0.0,0.0,21.86,0.0
2019,Castilla y León,Palencia,95617,163,232,12,60,160,67,62.05,193.33,0.0,0.0,0.0,0.0,1468.06,247.11,1035.0,0.0,0.0,0.0
2019,Canarias,"Palmas, Las",742203,2158,3129,32,99,2998,229,0.0,0.0,134.51,0.0,0.0,76.06,0.0,0.0,1757.31,0.0,0.0,0.0
2019,Galicia,Pontevedra,568152,1868,2866,37,212,2617,184,38.34,81.29,0.0,7.64,9.14,0.0,1220.78,319.42,1630.05,20.98,126.71,0.0
2019,Castilla y León,Salamanca,190842,388,555,13,44,498,103,0.0,302.27,0.0,0.0,8.64,0.0,1263.45,270.74,2301.29,0.0,0.0,0.0
2019,Canarias,"Tenerife, S.C.",672038,2242,3091,42,339,2710,227,0.0,0.0,141.76,0.0,0.0,44.54,0.0,0.0,1978.59,0.0,0.0,0.0
2019,Cantabria,Cantabria,351242,920,1350,18,77,1255,142,0.0,254.91,0.0,0.0,2.95,0.0,1984.34,320.45,0.0,0.0,0.0,0.0
2019,Castilla y León,Segovia,91320,325,450,9,32,409,72,64.48,54.17,0.0,0.0,0.0,0.0,700.67,244.7,1229.35,0.0,69.47,0.0
2019,Andalucía,Sevilla,1195328,4589,6669,68,310,6291,446,156.77,257.12,0.0,47.34,19.77,15.83,1701.67,140.19,1461.46,0.0,53.06,0.0
2019,Castilla y León,Soria,51127,123,181,8,31,142,37,0.0,145.36,0.0,0.0,1.74,0.0,898.8,405.8,1890.08,0.0,0.0,0.0
2019,Cataluña,Tarragona,484098,2113,2839,52,215,2572,228,23.06,89.37,0.0,22.55,11.3,8.1,1066.75,262.47,1077.6,10.59,191.13,0.0
2019,Aragón,Teruel,78427,185,260,7,51,202,85,0.0,140.12,0.0,0.0,1.34,0.0,1628.21,537.35,980.0,0.0,0.0,0.0
2019,Castilla-La Mancha,Toledo,421104,777,1156,29,89,1038,302,146.31,380.19,0.0,0.0,10.13,0.0,1923.4,373.94,956.0,0.0,140.27,0.0
2019,C. Valenciana,Valencia,1570832,4404,5844,72,423,5349,606,85.97,368.45,0.0,55.57,5.67,15.34,696.94,337.14,1855.16,0.0,87.78,0.0
2019,Castilla y León,Valladolid,308856,895,1184,18,80,1086,141,39.81,260.49,0.0,0.0,16.45,0.0,1063.19,268.69,1435.0,0.0,0.0,0.0
2019,País Vasco,Vizcaya,688423,2024,2709,26,147,2536,117,0.0,0.0,104.36,0.0,0.0,40.41,0.0,0.0,1056.03,0.0,0.0,72.34
2019,Castilla y León,Zamora,96907,206,321,16,44,261,80,0.0,336.79,0.0,0.0,16.73,0.0,1148.53,419.45,1571.0,0.0,0.0,0.0
2019,Aragón,Zaragoza,578041,1609,2201,27,201,1973,243,5.28,329.75,0.0,9.41,42.16,3.15,2043.36,490.05,1016.75,0.0,107.46,0.0
2019,Ceuta,Ceuta,52023,309,460,2,18,440,9,0.0,0.0,0.0,0.0,1.37,0.0,21.02,18.83,0.0,0.0,0.0,0.0
2019,Melilla,Melilla,52007,376,476,0,17,459,13,0.0,0.0,0.0,0.53,0.0,0.0,17.36,9.81,0.0,0.0,0.0,0.0
2020,País Vasco,Álava,198978,849,1034,5,101,928,72,0.0,0.0,100.97,0.0,0.0,10.61,0.0,0.0,1273.66,0.0,0.0,69.44
2020,Castilla-La Mancha,Albacete,238018,557,704,10,51,643,159,0.0,279.18,0.0,3.97,0.0,0.0,1612.62,420.5,1404.4,0.0,0.0,0.0
2020,C. Valenciana,Alicante,1139374,1882,2517,61,258,2198,425,15.63,308.42,0.0,34.87,61.54,5.95,884.32,206.61,925.1,0.0,84.1,0.0
2020,Andalucía,Almería,457956,861,1242,38,92,1112,203,117.42,203.5,0.0,2.41,1.12,0.0,697.42,131.2,1226.0,0.0,28.19,0.0
2020,Castilla y León,Ávila,90838,235,309,10,32,267,70,0.0,86.97,0.0,0.0,3.24,0.0,987.13,345.16,1065.0,0.0,37.4,0.0
2020,Extremadura,Badajoz,410587,651,899,25,73,801,259,17.0,241.28,0.0,21.0,18.01,0.0,2051.51,623.0,1921.12,0.0,0.0,0.0
2020,Islas Baleares,Baleares,756163,2092,2727,37,197,2493,197,0.0,0.0,93.52,0.0,0.0,97.33,0.0,0.0,1941.59,0.0,0.0,0.0
2020,Cataluña,Barcelona,3511690,13403,17015,115,682,16218,770,288.73,145.46,0.0,57.34,2.92,0.0,1525.6,43.44,1563.7,159.28,118.92,0.0
2020,Castilla y León,Burgos,210180,375,539,19,74,446,137,46.75,284.93,0.0,5.82,19.2,0.0,1767.19,670.05,2300.0,0.0,0.49,0.0
2020,Extremadura,Cáceres,234854,378,489,15,71,403,143,107.1,337.55,0.0,12.7,20.91,0.0,1533.08,449.73,1869.15,0.0,0.0,0.0
2020,Andalucía,Cádiz,771181,2125,3032,22,203,2807,274,155.39,163.99,0.0,6.46,31.86,0.0,871.79,121.28,806.68,0.0,3.66,0.0
2020,C. Valenciana,Castellón,356029,688,855,17,127,711,177,45.97,192.42,0.0,31.44,2.22,0.0,878.46,275.47,724.0,0.0,0.0,0.0
2020,Castilla-La Mancha,Ciudad Real,300216,351,469,29,43,397,219,80.96,259.81,0.0,3.82,5.48,0.0,1720.13,457.82,1727.0,0.0,0.0,0.0
2020,Andalucía,Córdoba,474852,809,1089,14,121,954,242,9.97,180.63,0.0,17.44,1.48,0.0,1613.83,440.12,1807.19,0.0,0.0,0.0
2020,Galicia,"Coruña, A",662543,1227,1676,33,196,1447,267,126.86,95.74,0.0,2.55,53.14,0.0,1567.94,277.87,2061.25,32.53,146.32,0.0
2020,Castilla-La Mancha,Cuenca,116995,166,243,18,34,191,157,0.0,346.21,0.0,0.0,0.0,0.0,1718.81,584.42,1557.2,0.0,49.83,0.0
2020,Cataluña,Gerona,475416,1843,2373,28,179,2166,254,90.22,35.73,0.0,22.38,6.27,2.59,1125.65,273.34,783.54,0.0,92.62,0.0
2020,Andalucía,Granada,567334,1126,1510,35,108,1367,277,235.69,206.95,0.0,11.81,1.43,4.07,1388.6,191.38,1260.63,0.0,0.0,0.0
2020,Castilla-La Mancha,Guadalajara,162873,277,359,12,22,325,89,9.26,99.67,0.0,0.0,0.57,0.0,1461.81,290.45,1609.07,0.0,24.02,0.0
2020,País Vasco,Guipúzcoa,425666,1549,1912,20,176,1716,122,0.0,0.0,45.04,0.0,0.0,78.38,0.0,0.0,1183.07,0.0,0.0,107.2
2020,Andalucía,Huelva,328454,509,772,23,70,679,135,33.29,136.89,0.0,6.42,11.36,0.0,730.2,332.29,832.78,0.0,0.0,0.0
2020,Aragón,Huesca,132361,340,448,20,54,374,116,0.0,188.08,0.0,0.0,0.0,0.0,2076.0,658.81,1711.19,0.0,49.72,0.0
2020,Andalucía,Jaén,386915,617,849,21,55,773,252,73.39,217.14,0.0,5.7,0.0,0.0,1400.56,246.98,907.16,0.0,0.0,0.0
2020,Castilla y León,León,265480,471,647,25,87,535,165,68.14,251.03,0.0,5.79,15.77,0.0,1733.6,568.18,3310.32,0.0,93.68,0.0
2020,Cataluña,Lérida,265739,995,1335,21,103,1211,185,28.21,134.9,0.0,0.0,10.06,0.0,1524.56,302.64,805.0,0.0,60.47,0.0
2020,La Rioja,"Rioja, La",191117,461,580,16,61,503,84,0.0,62.19,0.0,3.0,1.15,0.0,1442.0,250.79,0.0,0.0,119.1,0.0
2020,Galicia,Lugo,187237,381,515,16,64,435,127,16.16,243.09,0.0,2.41,14.53,0.0,1471.33,511.7,4217.0,0.0,0.0,0.0
2020,Madrid,Madrid,4215657,10766,13427,105,638,12684,748,124.44,483.8,0.0,204.74,7.2,0.0,2230.83,98.55,0.0,0.0,158.37,0.0
2020,Andalucía,Málaga,1042378,3544,4731,51,252,4428,313,97.1,218.74,0.0,11.36,23.29,0.0,1172.94,35.63,859.6,0.0,122.09,0.0
2020,Murcia,Murcia,930276,2048,2828,39,200,2589,423,170.0,313.5,0.0,90.0,11.3,0.0,2566.0,135.16,0.0,0.0,114.64,0.0
2020,Navarra,Navarra,394319,576,725,20,97,608,234,236.81,0.0,0.0,25.6,0.0,0.0,3454.14,0.0,0.0,144.9,39.03,0.0
2020,Galicia,Orense,169042,352,454,16,68,370,87,47.97,167.24,0.0,2.07,9.36,0.0,988.32,321.81,1851.7,0.0,0.0,0.0
2020,Asturias,Asturias,603360,1552,2044,22,147,1875,218,74.45,357.68,0.0,7.02,5.37,0.0,4202.0,466.0,0.0,0.0,21.86,0.0
2020,Castilla y León,Palencia,94654,121,166,10,27,129,65,62.05,193.33,0.0,0.0,0.0,0.0,1469.0,247.11,1035.0,0.0,0.0,0.0
2020,Canarias,"Palmas, Las",749594,1790,2462,22,93,2347,229,,0.0,144.0,,0.0,76.06,,0.0,1757.31,,0.0,0.0
2020,Galicia,Pontevedra,567844,1491,2155,38,133,1984,188,38.34,81.29,0.0,7.64,9.24,0.0,1218.49,319.75,1628.09,20.98,126.71,0.0
2020,Castilla y León,Salamanca,189814,266,380,20,40,320,108,0.0,302.27,0.0,0.0,8.64,0.0,1260.0,270.74,2301.29,0.0,0.0,0.0
2020,Canarias,"Tenerife, S.C.",680261,1669,2253,28,264,1961,226,,0.0,138.27,,0.0,33.59,,0.0,1979.04,,0.0,0.0
2020,Cantabria,Cantabria,350739,830,1112,16,81,1015,144,0.0,254.91,0.0,0.0,2.95,0.0,1990.08,323.93,0.0,0.0,0.0,0.0
2020,Castilla y León,Segovia,91432,227,288,11,19,258,73,64.48,62.57,0.0,0.0,0.0,0.0,703.04,235.98,1229.35,0.0,69.47,0.0
2020,Andalucía,Sevilla,1199185,3201,4485,50,238,4197,436,156.77,307.66,0.0,47.34,19.77,15.83,1701.67,140.19,1450.1,0.0,0.0,0.0
2020,Castilla y León,Soria,51359,105,147,6,20,121,36,0.0,158.47,0.0,0.0,1.74,0.0,898.8,403.43,1891.58,0.0,0.0,0.0
2020,Cataluña,Tarragona,490988,1538,2011,40,182,1789,225,23.06,177.54,0.0,22.55,11.3,8.1,1066.75,264.3,1077.6,10.59,104.28,0.0
2020,Aragón,Teruel,78557,170,250,10,41,199,84,0.0,140.12,0.0,0.0,1.34,0.0,1628.21,537.35,975.0,0.0,0.0,0.0
2020,Castilla-La Mancha,Toledo,426484,595,832,27,67,738,306,146.31,380.19,0.0,0.0,10.13,0.0,1923.4,373.53,959.6,0.0,140.27,0.0
2020,C. Valenciana,Valencia,1586773,3114,3994,51,302,3641,612,56.05,466.22,0.0,120.81,5.83,15.34,688.64,334.43,1855.16,0.0,0.0,0.0
2020,Castilla y León,Valladolid,308055,616,805,13,80,712,146,39.81,252.41,0.0,0.0,24.39,0.0,1060.0,269.09,1435.0,0.0,0.0,0.0
2020,País Vasco,Vizcaya,691261,1408,1882,17,129,1736,117,0.0,0.0,104.48,0.0,0.0,40.28,0.0,0.0,1051.31,0.0,0.0,72.34
2020,Castilla y León,Zamora,95395,179,244,12,45,187,78,0.0,336.79,0.0,0.0,16.73,0.0,1139.0,421.2,1571.0,0.0,0.0,0.0
2020,Aragón,Zaragoza,582445,1169,1543,38,160,1345,238,5.28,329.75,0.0,9.41,40.76,3.15,2043.36,490.02,1016.75,0.0,107.46,0.0
2020,Ceuta,Ceuta,51695,172,248,2,8,238,9,0.0,0.0,0.0,0.0,1.04,0.0,21.02,15.55,0.0,0.0,0.0,0.0
2020,Melilla,Melilla,52147,242,327,1,16,310,13,0.0,0.0,0.0,0.53,0.0,0.0,17.36,9.81,0.0,0.0,0.0,0.0
2021,País Vasco,Álava,198216,877,1140,13,106,1021,71,0.0,0.0,100.97,0.0,0.0,10.61,0.0,0.0,1273.66,0.0,0.0,69.44
2021,Castilla-La Mancha,Albacete,237644,732,1002,11,78,913,161,0.0,297.03,0.0,3.97,0.0,0.0,1612.62,413.93,1404.0,0.0,0.0,0.0
2021,C. Valenciana,Alicante,1139937,2404,3303,66,309,2928,446,15.63,320.35,0.0,56.84,61.54,5.91,947.04,189.19,925.83,0.0,80.52,0.0
2021,Andalucía,Almería,459604,696,1082,34,80,968,207,117.42,203.5,0.0,6.28,1.12,0.0,691.41,126.34,1226.0,0.0,28.19,0.0
2021,Castilla y León,Ávila,91627,292,387,9,38,340,70,0.0,86.97,0.0,0.0,3.24,0.0,986.81,345.16,1065.0,0.0,37.4,0.0
2021,Extremadura,Badajoz,409336,777,1105,28,90,987,263,17.0,241.28,0.0,21.0,18.01,0.0,2041.15,623.0,1913.22,0.0,0.0,0.0
2021,Islas Baleares,Baleares,755255,2748,3556,47,275,3234,201,,0.0,94.6,,0.0,111.6,,0.0,1917.51,,0.0,0.0
2021,Cataluña,Barcelona,3497821,16683,21228,117,831,20280,758,288.88,260.52,0.0,57.34,2.92,1.25,1525.6,42.63,1565.59,159.28,4.36,0.0
2021,Castilla y León,Burgos,209223,552,726,15,65,646,136,46.75,294.28,0.0,5.82,17.86,0.0,1765.83,670.05,2300.0,0.0,0.49,0.0
2021,Extremadura,Cáceres,233573,497,670,12,64,594,151,107.1,337.55,0.0,12.7,20.38,0.0,1533.08,447.66,1869.15,0.0,0.0,0.0
2021,Andalucía,Cádiz,771691,2463,3482,41,199,3242,280,155.39,163.99,0.0,6.46,31.86,0.0,871.79,121.28,806.68,0.0,3.66,0.0
2021,C. Valenciana,Castellón,356622,811,1100,27,148,925,174,45.97,192.42,0.0,46.01,2.22,0.0,947.07,268.94,723.23,0.0,0.0,0.0
2021,Castilla-La Mancha,Ciudad Real,299845,385,576,24,59,493,222,80.96,259.81,0.0,3.82,5.48,0.0,1720.13,457.82,1727.0,0.0,0.0,0.0
2021,Andalucía,Córdoba,471709,993,1401,30,141,1230,251,9.97,180.63,0.0,17.44,1.48,0.0,1614.05,437.49,1807.81,0.0,0.0,0.0
2021,Galicia,"Coruña, A",659456,1458,2014,42,219,1753,274,126.86,95.75,0.0,2.55,49.37,0.0,1559.52,280.3,2061.0,32.53,146.32,0.0
2021,Castilla-La Mancha,Cuenca,117390,286,443,27,55,361,155,0.0,346.21,0.0,0.0,0.0,0.0,1718.81,585.33,1557.2,0.0,49.83,0.0
2021,Cataluña,Gerona,478341,2027,2685,48,205,2432,261,90.28,128.35,0.0,22.38,6.27,2.59,1119.45,273.34,788.45,0.0,0.0,0.0
2021,Andalucía,Granada,569580,1416,1977,38,108,1831,281,235.69,217.51,0.0,11.81,1.43,4.07,1388.6,190.54,1260.63,0.0,0.0,0.0
2021,Castilla-La Mancha,Guadalajara,165773,315,435,6,32,397,90,0.0,99.67,0.0,0.0,0.57,0.0,1461.81,290.45,1568.0,9.26,24.02,0.0
2021,País Vasco,Guipúzcoa,424415,1720,2138,22,175,1941,124,0.0,0.0,45.04,0.0,0.0,78.38,0.0,0.0,1183.07,0.0,0.0,107.2
2021,Andalucía,Huelva,328920,698,1027,31,69,927,141,33.29,136.89,0.0,6.42,11.36,0.0,730.2,332.29,832.78,0.0,0.0,0.0
2021,Aragón,Huesca,133634,392,545,13,71,461,119,0.0,234.86,0.0,0.0,0.0,0.0,2076.0,657.01,1712.0,0.0,0.0,0.0
2021,Andalucía,Jaén,385086,658,924,22,65,837,258,73.39,217.14,0.0,5.7,0.0,0.0,1399.66,243.76,907.16,0.0,0.0,0.0
2021,Castilla y León,León,262359,496,718,30,97,591,168,68.14,251.03,0.0,5.79,15.77,0.0,1733.98,560.9,3310.32,0.0,94.39,0.0
2021,Cataluña,Lérida,266574,1140,1559,44,159,1356,186,28.32,195.37,0.0,0.0,10.06,0.0,1528.73,304.17,805.0,0.0,0.0,0.0
2021,La Rioja,"Rioja, La",190822,569,731,12,70,649,83,0.0,62.19,0.0,3.0,1.15,0.0,1442.0,250.79,0.0,0.0,119.1,0.0
2021,Galicia,Lugo,185573,412,558,12,61,485,129,16.16,243.09,0.0,2.4,14.53,0.0,1457.27,511.21,4217.0,0.0,0.0,0.0
2021,Madrid,Madrid,4201225,13476,17026,127,791,16108,767,124.44,488.86,0.0,204.74,7.2,0.0,2227.45,98.14,0.0,0.0,153.31,0.0
2021,Andalucía,Málaga,1047935,4475,6137,58,240,5839,320,97.1,241.76,0.0,11.36,23.29,0.0,1162.83,35.63,859.6,0.0,98.71,0.0
2021,Murcia,Murcia,935190,2523,3584,49,238,3297,432,166.99,320.11,0.0,90.11,11.3,0.0,2512.0,135.16,0.0,0.0,114.64,0.0
2021,Navarra,Navarra,394345,880,1139,28,114,997,231,236.81,0.0,0.0,25.6,0.0,0.0,3454.14,0.0,0.0,144.9,39.03,0.0
2021,Galicia,Orense,168130,386,508,13,64,431,88,47.97,167.24,0.0,2.07,9.36,0.0,973.68,320.81,1851.96,0.0,0.0,0.0
2021,Asturias,Asturias,596300,1831,2431,30,160,2241,224,74.45,357.68,0.0,7.02,5.37,0.0,4202.0,459.37,0.0,0.0,21.86,0.0
2021,Castilla y León,Palencia,93440,151,207,11,32,164,67,62.05,194.14,0.0,0.0,0.0,0.0,1469.4,247.57,1035.0,0.0,0.0,0.0
2021,Canarias,"Palmas, Las",747475,1971,2600,25,112,2463,232,,0.0,142.42,,0.0,76.06,,0.0,1752.29,,0.0,0.0
2021,Galicia,Pontevedra,565545,1664,2401,37,143,2221,197,38.34,81.29,0.0,7.64,9.24,0.0,1208.8,319.75,1623.89,20.92,126.71,0.0
2021,Castilla y León,Salamanca,188864,415,563,6,53,504,109,0.0,305.45,0.0,0.0,8.44,0.0,1260.01,268.58,2301.29,0.0,0.0,0.0
2021,Canarias,"Tenerife, S.C.",679010,1994,2796,35,248,2513,224,,0.0,141.76,,0.0,44.54,,0.0,1983.99,,0.0,0.0
2021,Cantabria,Cantabria,350763,974,1318,15,116,1187,147,0.0,254.91,0.0,0.0,2.95,0.0,1990.08,323.93,0.0,0.0,0.0,0.0
2021,Castilla y León,Segovia,91987,221,321,7,28,286,74,64.48,62.57,0.0,6.2,0.0,0.0,700.6,235.36,1229.35,0.0,69.47,0.0
2021,Andalucía,Sevilla,1197241,4073,5850,48,273,5529,447,156.77,316.04,0.0,49.55,20.29,15.83,1699.92,131.94,1450.1,0.0,0.0,0.0
2021,Castilla y León,Soria,51636,93,143,13,29,101,36,0.0,158.47,0.0,0.0,1.74,0.0,898.37,402.43,1888.74,0.0,0.0,0.0
2021,Cataluña,Tarragona,494173,2045,2661,33,206,2422,229,23.41,281.82,0.0,22.31,11.3,8.1,1064.52,264.3,1077.6,10.59,0.0,0.0
2021,Aragón,Teruel,79057,177,236,10,52,174,76,0.0,140.12,0.0,0.0,1.34,0.0,1639.19,537.35,975.19,0.0,0.0,0.0
2021,Castilla-La Mancha,Toledo,431529,681,978,36,87,855,299,146.31,380.19,0.0,0.0,10.13,0.0,1923.4,372.66,960.0,0.0,140.27,0.0
2021,C. Valenciana,Valencia,1584105,4312,5619,47,396,5176,617,42.66,467.52,0.0,113.38,5.83,10.75,998.23,328.04,1750.0,0.0,0.0,0.0
2021,Castilla y León,Valladolid,306606,813,1070,24,107,939,149,39.81,259.94,0.0,0.0,16.94,0.0,1060.34,267.27,1435.0,0.0,0.0,0.0
2021,País Vasco,Vizcaya,686006,1862,2429,22,160,2247,119,0.0,0.0,104.49,0.0,0.0,39.89,0.0,0.0,1047.77,0.0,0.0,72.33
2021,Castilla y León,Zamora,94384,219,329,9,45,275,84,0.0,336.79,0.0,0.0,16.73,0.0,1139.3,421.39,1571.0,0.0,0.0,0.0
2021,Aragón,Zaragoza,578554,1546,2044,28,202,1814,243,0.0,396.36,0.0,9.41,40.43,3.1,2043.36,476.45,1016.75,5.28,54.8,0.0
2021,Ceuta,Ceuta,51439,244,364,0,8,356,8,0.0,0.0,0.0,0.0,1.04,0.0,21.02,15.55,0.0,0.0,0.0,0.0
2021,Melilla,Melilla,51789,339,429,1,11,417,13,0.0,0.0,0.0,0.53,0.0,0.0,17.36,9.81,0.0,0.0,0.0,0.0
2022,País Vasco,Álava,197716,839,1139,11,135,993,77,,0.0,100.97,,0.0,10.61,,0.0,1273.66,,0.0,69.44
2022,Castilla-La Mancha,Albacete,237025,650,849,13,83,753,169,0.0,278.1,0.0,3.97,0.0,0.0,1612.62,418.4,1403.31,0.0,0.0,0.0
2022,C. Valenciana,Alicante,1148829,3323,4406,65,336,4005,467,15.63,360.45,0.0,57.49,73.78,5.91,884.84,178.93,925.83,0.0,42.7,0.0
2022,Andalucía,Almería,464984,1205,1719,41,119,1559,224,117.42,203.85,0.0,6.28,0.86,0.0,688.26,126.08,1226.0,0.0,27.4,0.0
2022,Castilla y León,Ávila,91134,287,393,19,47,327,74,0.0,88.89,0.0,0.0,12.44,0.0,986.83,336.53,1065.0,0.0,35.32,0.0
2022,Extremadura,Badajoz,407094,1027,1406,28,108,1270,281,17.0,241.42,0.0,15.71,18.6,0.0,2050.95,621.28,1934.99,0.0,0.0,0.0
2022,Islas Baleares,Baleares,754802,3078,3987,38,322,3627,204,,0.0,94.6,,0.0,116.1,,0.0,1943.84,,0.0,0.0
2022,Cataluña,Barcelona,3503649,17394,22307,141,930,21236,784,354.83,262.48,0.0,59.04,2.92,1.25,1548.84,42.31,1565.59,90.75,4.85,0.0
2022,Castilla y León,Burgos,207692,619,792,33,97,662,139,46.75,293.65,0.0,5.82,17.69,0.0,1816.52,669.93,2300.0,0.0,0.3,0.0
2022,Extremadura,Cáceres,231702,451,625,13,54,558,162,107.1,344.69,0.0,16.45,20.77,0.0,1534.67,450.61,1869.15,0.0,0.0,0.0
2022,Andalucía,Cádiz,771236,2629,3679,40,204,3435,290,155.39,165.63,0.0,6.46,32.06,0.0,870.25,120.01,806.68,0.0,4.28,0.0
2022,C. Valenciana,Castellón,358429,990,1327,32,161,1134,176,42.8,193.36,0.0,49.18,1.77,0.0,878.03,263.24,723.23,0.0,0.0,0.0
2022,Castilla-La Mancha,Ciudad Real,298282,414,584,29,48,507,235,80.9,258.92,0.0,3.82,3.38,0.0,1720.13,456.46,1727.0,0.0,0.0,0.0
2022,Andalucía,Córdoba,467855,927,1314,36,131,1147,256,9.68,177.14,0.0,17.73,1.48,0.0,1613.34,439.96,1883.26,0.0,0.0,0.0
2022,Galicia,"Coruña, A",656131,1654,2334,62,237,2035,282,126.86,123.55,0.0,2.14,48.8,0.0,1549.41,278.19,2055.0,32.53,118.14,0.0
2022,Castilla-La Mancha,Cuenca,117112,288,459,23,63,373,158,0.0,347.5,0.0,0.0,0.0,0.0,1718.81,582.43,1545.0,0.0,50.9,0.0
2022,Cataluña,Gerona,482091,2135,2782,51,200,2531,268,90.19,128.35,0.0,22.38,5.91,2.59,1114.2,274.48,786.22,0.0,0.0,0.0
2022,Andalucía,Granada,568552,1510,2071,38,128,1905,297,235.55,218.88,0.0,11.81,1.43,4.07,1390.06,190.14,1260.63,0.0,0.0,0.0
2022,Castilla-La Mancha,Guadalajara,167355,372,521,9,39,473,90,9.26,99.74,0.0,0.0,0.57,0.0,1461.81,290.27,1609.7,0.0,23.1,0.0
2022,País Vasco,Guipúzcoa,422052,1736,2185,23,172,1990,135,,0.0,45.04,,0.0,78.38,,0.0,1183.07,,0.0,107.2
2022,Andalucía,Huelva,331016,685,1024,24,65,935,153,33.29,137.19,0.0,6.42,11.78,0.0,731.29,328.45,832.78,0.0,0.0,0.0
2022,Aragón,Huesca,134166,435,596,28,80,488,125,0.0,233.81,0.0,0.0,0.0,0.0,2076.0,658.22,1709.44,0.0,0.0,0.0
2022,Andalucía,Jaén,381995,796,1121,22,70,1029,265,73.39,266.63,0.0,7.85,0.0,0.0,1398.16,240.49,907.16,0.0,0.0,0.0
2022,Castilla y León,León,258422,477,656,21,96,539,173,68.14,253.74,0.0,5.79,16.05,0.0,1807.93,564.5,3320.0,0.0,92.65,0.0
2022,Cataluña,Lérida,267382,1341,1799,20,165,1614,190,26.73,192.61,0.0,0.0,18.06,0.0,1541.35,295.64,800.0,0.0,0.0,0.0
2022,La Rioja,"Rioja, La",190169,654,817,12,71,734,85,0.0,62.23,,3.0,1.83,,1444.0,247.92,,0.0,119.43,
2022,Galicia,Lugo,183328,449,612,20,69,523,132,28.26,243.75,0.0,0.0,12.76,0.0,1445.74,516.24,4217.0,0.0,0.0,0.0
2022,Madrid,Madrid,4190203,15086,19092,125,774,18193,793,95.36,499.79,,222.45,7.2,,2178.83,96.93,,0.0,139.36,
2022,Andalucía,Málaga,1059748,4961,6649,60,238,6351,327,97.16,240.36,0.0,9.43,22.52,0.0,1146.25,35.59,859.6,0.0,98.31,0.0
2022,Murcia,Murcia,943793,3136,4350,59,288,4003,448,167.0,360.42,,90.11,11.28,,2512.0,133.63,,0.0,73.82,
2022,Navarra,Navarra,394803,788,983,37,145,801,242,236.81,0.0,,26.33,0.0,,3548.58,0.0,,144.9,39.66,
2022,Galicia,Orense,166930,433,539,14,57,468,91,47.97,168.03,0.0,2.07,9.44,0.0,973.68,322.17,1851.99,0.0,0.0,0.0
2022,Asturias,Asturias,587377,1762,2324,34,166,2124,238,74.45,363.74,,7.02,17.4,,4202.0,448.14,,0.0,19.81,
2022,Castilla y León,Palencia,92015,196,274,12,56,206,67,62.05,194.11,0.0,0.0,0.0,0.0,1531.48,245.12,1035.08,0.0,0.0,0.0
2022,Canarias,"Palmas, Las",746744,2068,2783,31,140,2612,237,,0.0,142.42,,0.0,76.89,,0.0,1772.45,,0.0,0.0
2022,Galicia,Pontevedra,562605,1957,2714,27,176,2511,207,38.97,103.17,0.0,7.01,8.81,0.0,1207.65,318.46,1616.84,21.02,104.36,0.0
2022,Castilla y León,Salamanca,187018,546,689,18,55,616,109,0.0,305.37,0.0,0.0,7.83,0.0,1260.1,270.72,2301.29,0.0,0.0,0.0
2022,Canarias,"Tenerife, S.C.",680052,2137,2946,37,274,2635,228,,0.0,141.76,,0.0,44.54,,0.0,1998.59,,0.0,0.0
2022,Cantabria,Cantabria,349478,1009,1369,21,113,1235,158,0.0,253.36,,0.0,3.19,,1984.26,324.93,,0.0,0.0,
2022,Castilla y León,Segovia,91843,296,423,17,36,370,76,64.47,64.88,0.0,6.2,0.0,0.0,771.27,237.0,1229.35,0.0,66.93,0.0
2022,Andalucía,Sevilla,1196864,3983,5731,72,263,5396,465,156.85,314.87,0.0,48.98,27.4,12.9,1706.57,131.16,1450.1,0.0,0.0,0.0
2022,Castilla y León,Soria,51304,105,140,15,25,100,41,0.0,175.06,0.0,0.0,2.42,0.0,898.37,401.82,1888.74,0.0,0.0,0.0
2022,Cataluña,Tarragona,498113,2189,2809,52,241,2516,236,23.24,280.29,0.0,22.28,12.37,8.1,1066.03,263.11,1072.8,11.07,0.0,0.0
2022,Aragón,Teruel,78748,227,299,7,48,244,83,0.0,140.06,0.0,0.0,5.01,0.0,1628.21,531.9,975.0,0.0,0.0,0.0
2022,Castilla-La Mancha,Toledo,433338,880,1303,23,86,1194,315,146.31,380.4,0.0,0.0,10.07,0.0,1923.4,371.27,960.0,0.0,138.4,0.0
2022,C. Valenciana,Valencia,1593601,4771,6038,78,550,5410,631,42.66,464.69,0.0,115.29,6.91,10.75,674.69,319.37,1750.0,0.0,0.0,0.0
2022,Castilla y León,Valladolid,303867,790,1054,23,110,921,158,39.81,262.11,0.0,0.0,13.7,0.0,1100.16,267.21,1435.0,0.0,0.0,0.0
2022,País Vasco,Vizcaya,680078,1883,2456,21,150,2285,127,,0.0,104.51,,0.0,39.62,,0.0,1036.87,,0.0,72.33
2022,Castilla y León,Zamora,92999,202,290,21,46,223,84,0.0,334.87,0.0,0.0,15.69,0.0,1136.91,422.94,1571.0,0.0,0.0,0.0
2022,Aragón,Zaragoza,576511,1589,2065,45,210,1810,249,0.0,403.25,0.0,9.41,36.11,3.15,2043.36,471.43,1016.75,5.28,54.91,0.0
2022,Ceuta,Ceuta,51147,257,366,1,10,355,9,0.0,0.0,,0.0,1.04,,21.02,15.19,,0.0,0.0,
2022,Melilla,Melilla,51380,300,386,4,15,367,13,0.0,0.0,,0.0,0.0,,17.36,9.81,,0.0,0.0,
